category_id,category_title,categoryUrl,filter_key,filter_value,parent_id,leaf,products,check
clearance > clearance,View All,,,,clearance,true,,too few products (0): plain
clearance-girls-clearance > clearance-girls-clearance,View All,,,,clearance-girls-clearance,true,,too few products (0): plain
clearance-girls-clearance-bottoms,Bottoms,,,,clearance-girls-clearance,true,,too few products (0): plain
clearance-girls-clearance-dresses,Dresses,,,,clearance-girls-clearance,true,,too few products (0): plain
clearance-girls-clearance-hoodies,Hoodies,,,,clearance-girls-clearance,true,,too few products (0): plain
clearance-girls-clearance-outerwear,Outerwear,,,,clearance-girls-clearance,true,,too few products (0): plain
clearance-girls-clearance-swim,Swim,,,,clearance-girls-clearance,true,,too few products (0): plain
clearance-girls-clearance-tanks,Tanks,,,,clearance-girls-clearance,true,,too few products (0): plain
clearance-girls-clearance-tees,Tees,,,,clearance-girls-clearance,true,,too few products (0): plain
clearance-girls-clearance-tops,Tops,,,,clearance-girls-clearance,true,,too few products (0): plain
clearance-girls-clearance,Girls Clearance,,,,clearance,false,,
clearance-guys-clearance > clearance-guys-clearance,View All,,,,clearance-guys-clearance,true,,too few products (0): plain
clearance-guys-clearance-bottoms,Bottoms,,,,clearance-guys-clearance,true,,too few products (0): plain
clearance-guys-clearance-hoodies,Hoodies,,,,clearance-guys-clearance,true,,too few products (0): plain
clearance-guys-clearance-outerwear,Outerwear,,,,clearance-guys-clearance,true,,too few products (0): plain
clearance-guys-clearance-swim,Swim,,,,clearance-guys-clearance,true,,too few products (0): plain
clearance-guys-clearance-tanks,Tanks,,,,clearance-guys-clearance,true,,too few products (0): plain
clearance-guys-clearance-tees,Tees,,,,clearance-guys-clearance,true,,too few products (0): plain
clearance-guys-clearance-tops,Tops,,,,clearance-guys-clearance,true,,too few products (0): plain
clearance-guys-clearance,Guys Clearance,,,,clearance,false,,
clearance-plus-size > clearance-plus-size,View All,,,,clearance-plus-size,true,,too few products (0): plain
clearance-plus-size-dresses,Dresses,,,,clearance-plus-size,true,,too few products (0): plain
clearance-plus-size-outerwear,Outerwear,,,,clearance-plus-size,true,,too few products (0): plain
clearance-plus-size-tanks,Tanks,,,,clearance-plus-size,true,,too few products (0): plain
clearance-plus-size-tees,Tees,,,,clearance-plus-size,true,,too few products (0): plain
clearance-plus-size-tops,Tops,,,,clearance-plus-size,true,,too few products (0): plain
clearance-plus-size,Plus Size,,,,clearance,false,,
clearance-accessories,Accessories,,,,clearance,true,,too few products (0): plain
clearance-backpacks,Backpacks,,,,clearance,true,,too few products (0): plain
clearance-bags-and-wallets,Bags and Wallets,,,,clearance,true,,too few products (0): plain
clearance-beauty,Beauty,,,,clearance,true,,too few products (0): plain
clearance-body-jewelry,Body Jewelry,,,,clearance,true,,too few products (0): plain
clearance-funko,Funko,,,,clearance,true,,too few products (0): plain
clearance-hats,Hats,,,,clearance,true,,too few products (0): plain
clearance-home,Home,,,,clearance,true,,too few products (0): plain
clearance-jewelry,Jewelry,,,,clearance,true,,too few products (0): plain
clearance-key-chains,Key Chains,,,,clearance,true,,too few products (0): plain
clearance-outerwear,Outerwear,,,,clearance,true,,too few products (0): plain
clearance-shoes,Shoes,,,,clearance,true,,too few products (0): plain
clearance-socks,Socks,,,,clearance,true,,too few products (0): plain
clearance-tees,Tees,,,,clearance,true,,too few products (0): plain
clearance-toys-and-collectibles,Toys and Collectibles,,,,clearance,true,,too few products (0): plain
clearance,Clearance,,,,,false,,
pop-culture > pop-culture,View All,,,,pop-culture,true,,too few products (0): plain
pop-culture-most-loved,Most Loved,,,,pop-culture,true,,too few products (0): plain
pop-culture-collectibles,Collectibles,,,,pop-culture,true,,too few products (0): plain
pop-culture-new-arrivals,New Arrivals,,,,pop-culture,true,4419,ok
pop-culture-back-by-popular-demand,Back By Popular Demand,,,,pop-culture,true,261,ok
pop-culture-top-rated,Top Rated,,,,pop-culture,true,9735,ok
pop-culture-free-pickup-in-store,Free Pickup In-Store,,,,pop-culture,true,,too few products (0): plain
pop-culture-shop-by-license > pop-culture-shop-by-license,View All,,,,pop-culture-shop-by-license,true,,too few products (0): plain
pop-culture-shop-by-license-101-dalmatians,101 Dalmatians,,,,pop-culture-shop-by-license,true,263,ok
pop-culture-shop-by-license-1883,1883,,,,pop-culture-shop-by-license,true,3,ok
pop-culture-shop-by-license-a-christmas-story,A Christmas Story,,,,pop-culture-shop-by-license,true,149,ok
pop-culture-shop-by-license-a-court-of-thorns-and-roses,A Court Of Thorns And Roses,,,,pop-culture-shop-by-license,true,154,ok
pop-culture-shop-by-license-addams-family,Addams Family,,,,pop-culture-shop-by-license,true,1028,ok
pop-culture-shop-by-license-adventure-time,Adventure Time,,,,pop-culture-shop-by-license,true,624,ok
pop-culture-shop-by-license-aeon-flux,Aeon Flux,,,,pop-culture-shop-by-license,true,10,ok
pop-culture-shop-by-license-aggretsuko,Aggretsuko,,,,pop-culture-shop-by-license,true,42,ok
pop-culture-shop-by-license-ahsoka,Ahsoka,,,,pop-culture-shop-by-license,true,572,ok
pop-culture-shop-by-license-aladdin,Aladdin,,,,pop-culture-shop-by-license,true,901,ok
pop-culture-shop-by-license-alice-in-wonderland,Alice In Wonderland,,,,pop-culture-shop-by-license,true,776,ok
pop-culture-shop-by-license-alien,Alien,,,,pop-culture-shop-by-license,true,467,ok
pop-culture-shop-by-license-all-elite-wrestling,All Elite Wrestling,,,,pop-culture-shop-by-license,true,23,ok
pop-culture-shop-by-license-amanda-the-adventurer,Amanda The Adventurer,,,,pop-culture-shop-by-license,true,,too few products (0): plain
pop-culture-shop-by-license-american-horror-story,American Horror Story,,,,pop-culture-shop-by-license,true,2,ok
pop-culture-shop-by-license-animal-crossing,Animal Crossing,,,,pop-culture-shop-by-license,true,485,ok
pop-culture-shop-by-license-antman,Antman,,,,pop-culture-shop-by-license,true,603,ok
pop-culture-shop-by-license-ao-ashi,Ao Ashi,,,,pop-culture-shop-by-license,true,,too few products (0): plain
pop-culture-shop-by-license-apple-black,Apple Black,,,,pop-culture-shop-by-license,true,,too few products (0): plain
pop-culture-shop-by-license-aquaman,Aquaman,,,,pop-culture-shop-by-license,true,43,ok
pop-culture-shop-by-license-aristocats,The Aristocats,,,,pop-culture-shop-by-license,true,463,ok
pop-culture-shop-by-license-arrow,Arrow,,,,pop-culture-shop-by-license,true,,status 500: plain
pop-culture-shop-by-license-assassins-creed,Assassin's Creed,,,,pop-culture-shop-by-license,true,3,ok
pop-culture-shop-by-license-attack-on-titan,Attack On Titan,,,,pop-culture-shop-by-license,true,529,ok
pop-culture-shop-by-license-avatar,Avatar,,,,pop-culture-shop-by-license,true,216,ok
pop-culture-shop-by-license-avatar-the-last-airbender,Avatar The Last Airbender,,,,pop-culture-shop-by-license,true,709,ok
pop-culture-shop-by-license-avengers,Avengers,,,,pop-culture-shop-by-license,true,8275,ok
pop-culture-shop-by-license-back-2-the-future,Back To The Future,,,,pop-culture-shop-by-license,true,156,ok
pop-culture-shop-by-license-baldurs-Gate,Baldur's Gate,,,,pop-culture-shop-by-license,true,23,ok
pop-culture-shop-by-license-bambi,Bambi,,,,pop-culture-shop-by-license,true,274,ok
pop-culture-shop-by-license-bananya,Bananya,,,,pop-culture-shop-by-license,true,2,ok
pop-culture-shop-by-license-bao,Bao,,,,pop-culture-shop-by-license,true,25,ok
pop-culture-shop-by-license-barbie,Barbie,,,,pop-culture-shop-by-license,true,769,ok
pop-culture-shop-by-license-bat-girl,Batgirl,,,,pop-culture-shop-by-license,true,19,ok
pop-culture-shop-by-license-batman,Batman,,,,pop-culture-shop-by-license,true,945,ok
pop-culture-shop-by-license-beauty-and-the-beast,Beauty And The Beast,,,,pop-culture-shop-by-license,true,567,ok
pop-culture-shop-by-license-beavis-and-butthead,Beavis And Butthead,,,,pop-culture-shop-by-license,true,127,ok
pop-culture-shop-by-license-bee-and-puppycat,Bee And PuppyCat,,,,pop-culture-shop-by-license,true,131,ok
pop-culture-shop-by-license-beetle-juice,Beetlejuice,,,,pop-culture-shop-by-license,true,593,ok
pop-culture-shop-by-license-belle,Belle,,,,pop-culture-shop-by-license,true,,status 500: plain
pop-culture-shop-by-license-better-call-saul,Better Call Saul,,,,pop-culture-shop-by-license,true,48,ok
pop-culture-shop-by-license-betty-boop,Betty Boop,,,,pop-culture-shop-by-license,true,182,ok
pop-culture-shop-by-license-big-bang-theory,Big Bang Theory,,,,pop-culture-shop-by-license,true,21,ok
pop-culture-shop-by-license-big-hero-6,Big Hero 6,,,,pop-culture-shop-by-license,true,164,ok
pop-culture-shop-by-license-big-lebowski,Big Lebowski,,,,pop-culture-shop-by-license,true,54,ok
pop-culture-shop-by-license-birds-of-prey,Birds Of Prey,,,,pop-culture-shop-by-license,true,8,ok
pop-culture-shop-by-license-black-adam,Black Adam,,,,pop-culture-shop-by-license,true,22,ok
pop-culture-shop-by-license-black-butler,Black Butler,,,,pop-culture-shop-by-license,true,76,ok
pop-culture-shop-by-license-black-panther,Black Panther,,,,pop-culture-shop-by-license,true,1292,ok
pop-culture-shop-by-license-black-rock-shooter,Black Rock Shooter,,,,pop-culture-shop-by-license,true,,too few products (0): plain
pop-culture-shop-by-license-black-widow,Black Widow,,,,pop-culture-shop-by-license,true,586,ok
pop-culture-shop-by-license-bleach,Bleach,,,,pop-culture-shop-by-license,true,21,ok
pop-culture-shop-by-license-blowpop,Blow Pop,,,,pop-culture-shop-by-license,true,,too few products (0): plain
pop-culture-shop-by-license-blue-beetle,Blue Beetle,,,,pop-culture-shop-by-license,true,17,ok
pop-culture-shop-by-license-blue-lock,Blue Lock,,,,pop-culture-shop-by-license,true,241,ok
pop-culture-shop-by-license-blues-clues,Blue's Clues,,,,pop-culture-shop-by-license,true,63,ok
pop-culture-shop-by-license-bluey,Bluey,,,,pop-culture-shop-by-license,true,98,ok
pop-culture-shop-by-license-bob's-burgers,Bob's Burgers,,,,pop-culture-shop-by-license,true,149,ok
pop-culture-shop-by-license-borderlands,Borderlands,,,,pop-culture-shop-by-license,true,12,ok
pop-culture-shop-by-license-boy-friends,Boy Friends,,,,pop-culture-shop-by-license,true,,too few products (0): plain
pop-culture-shop-by-license-boyz-n-the-hood,Boyz N The Hood,,,,pop-culture-shop-by-license,true,13,ok
pop-culture-shop-by-license-bratz,Bratz,,,,pop-culture-shop-by-license,true,295,ok
pop-culture-shop-by-license-brave,Brave,,,,pop-culture-shop-by-license,true,42,ok
pop-culture-shop-by-license-bridgerton,Bridgerton,,,,pop-culture-shop-by-license,true,51,ok
pop-culture-shop-by-license-bt21,BT21,,,,pop-culture-shop-by-license,true,8,ok
pop-culture-shop-by-license-buffy-the-vampire-slayer,Buffy The Vampire Slayer,,,,pop-culture-shop-by-license,true,361,ok
pop-culture-shop-by-license-buzz-lightyear,Buzz Lightyear,,,,pop-culture-shop-by-license,true,325,ok
pop-culture-shop-by-license-cactus,Cactus,,,,pop-culture-shop-by-license,true,1,ok
pop-culture-shop-by-license-call-of-duty,Call Of Duty,,,,pop-culture-shop-by-license,true,308,ok
pop-culture-shop-by-license-candyland,Candyland,,,,pop-culture-shop-by-license,true,44,ok
pop-culture-shop-by-license-cap-n-crunch,Cap N Crunch,,,,pop-culture-shop-by-license,true,,too few products (0): plain
pop-culture-shop-by-license-captain-america,Captain America,,,,pop-culture-shop-by-license,true,989,ok
pop-culture-shop-by-license-captain-marvel,Captain Marvel,,,,pop-culture-shop-by-license,true,683,ok
pop-culture-shop-by-license-care-bears,Care Bears,,,,pop-culture-shop-by-license,true,700,ok
pop-culture-shop-by-license-casper,Casper,,,,pop-culture-shop-by-license,true,149,ok
pop-culture-shop-by-license-catwoman,Catwoman,,,,pop-culture-shop-by-license,true,19,ok
pop-culture-shop-by-license-chainsaw-man,Chainsaw Man,,,,pop-culture-shop-by-license,true,56,ok
pop-culture-shop-by-license-cheetos,Cheetos,,,,pop-culture-shop-by-license,true,147,ok
pop-culture-shop-by-license-chilling-adventures-of-sabrina,Chilling Adventures Of Sabrina,,,,pop-culture-shop-by-license,true,53,ok
pop-culture-shop-by-license-chip-n-dale,Chip N Dale,,,,pop-culture-shop-by-license,true,116,ok
pop-culture-shop-by-license-chowder,Chowder,,,,pop-culture-shop-by-license,true,25,ok
pop-culture-shop-by-license-chucky,Chucky,,,,pop-culture-shop-by-license,true,308,ok
pop-culture-shop-by-license-cinderella,Cinderella,,,,pop-culture-shop-by-license,true,452,ok
pop-culture-shop-by-license-cinnamon-toast-crunch,Cinnamon Toast Crunch,,,,pop-culture-shop-by-license,true,2,ok
pop-culture-shop-by-license-clerks,Clerks,,,,pop-culture-shop-by-license,true,,status 500: plain
pop-culture-shop-by-license-clinic-of-horrors,Clinic Of Horrors,,,,pop-culture-shop-by-license,true,2,ok
pop-culture-shop-by-license-clock-striker,Clock Striker,,,,pop-culture-shop-by-license,true,,too few products (0): plain
pop-culture-shop-by-license-clockwork-orange,Clockwork Orange,,,,pop-culture-shop-by-license,true,,too few products (0): plain
pop-culture-shop-by-license-clone-high,Clone High,,,,pop-culture-shop-by-license,true,9,ok
pop-culture-shop-by-license-clueless,Clueless,,,,pop-culture-shop-by-license,true,131,ok
pop-culture-shop-by-license-cobra-kai,Cobra Kai,,,,pop-culture-shop-by-license,true,225,ok
pop-culture-shop-by-license-coco,Coco,,,,pop-culture-shop-by-license,true,467,ok
pop-culture-shop-by-license-coraline,Coraline,,,,pop-culture-shop-by-license,true,275,ok
pop-culture-shop-by-license-corpse-bride,Corpse Bride,,,,pop-culture-shop-by-license,true,106,ok
pop-culture-shop-by-license-cow-and-chicken,Cow And Chicken,,,,pop-culture-shop-by-license,true,51,ok
pop-culture-shop-by-license-cowboy-bebop,Cowboy Bebop,,,,pop-culture-shop-by-license,true,100,ok
pop-culture-shop-by-license-creature-from-the-black-lagoon,Creature From The Black Lagoon,,,,pop-culture-shop-by-license,true,100,ok
pop-culture-shop-by-license-critical-role,Critical Role,,,,pop-culture-shop-by-license,true,3,ok
pop-culture-shop-by-license-cruella,Cruella,,,,pop-culture-shop-by-license,true,369,ok
pop-culture-shop-by-license-crypt-tv,Crypt TV,,,,pop-culture-shop-by-license,true,2,ok
pop-culture-shop-by-license-cult-of-the-lamb,Cult Of The Lamb,,,,pop-culture-shop-by-license,true,,too few products (0): plain
pop-culture-shop-by-license-cuphead,Cuphead,,,,pop-culture-shop-by-license,true,3,ok
pop-culture-shop-by-license-cursed-princess-club,Cursed Princess Club,,,,pop-culture-shop-by-license,true,,too few products (0): plain
pop-culture-shop-by-license-cyberpunk,Cyberpunk,,,,pop-culture-shop-by-license,true,,too few products (0): plain
pop-culture-shop-by-license-danganronpa,Danganronpa,,,,pop-culture-shop-by-license,true,,too few products (0): plain
pop-culture-shop-by-license-danny-phantom,Danny Phantom,,,,pop-culture-shop-by-license,true,21,ok
pop-culture-shop-by-license-daredevil,Daredevil,,,,pop-culture-shop-by-license,true,316,ok
pop-culture-shop-by-license-dazed-and-confused,Dazed And Confused,,,,pop-culture-shop-by-license,true,31,ok
pop-culture-shop-by-license-dc-comics,DC Comics,,,,pop-culture-shop-by-license,true,2649,ok
pop-culture-shop-by-license-deadpool,Deadpool,,,,pop-culture-shop-by-license,true,1601,ok
pop-culture-shop-by-license-death-note,Death Note,,,,pop-culture-shop-by-license,true,239,ok
pop-culture-shop-by-license-demon-slayer,Demon Slayer,,,,pop-culture-shop-by-license,true,240,ok
pop-culture-shop-by-license-despicable-me,Despicable Me,,,,pop-culture-shop-by-license,true,1043,ok
pop-culture-shop-by-license-diablo,Diablo,,,,pop-culture-shop-by-license,true,14,ok
pop-culture-shop-by-license-disney,Disney,,,,pop-culture-shop-by-license,true,51638,ok
pop-culture-shop-by-license-disney-princesses,Disney Princesses,,,,pop-culture-shop-by-license,true,3831,ok
pop-culture-shop-by-license-disney-villains,Disney Villains,,,,pop-culture-shop-by-license,true,2176,ok
pop-culture-shop-by-license-doctor-strange,Doctor Strange,,,,pop-culture-shop-by-license,true,700,ok
pop-culture-shop-by-license-doctor-who,Doctor Who,,,,pop-culture-shop-by-license,true,277,ok
pop-culture-shop-by-license-donald-duck,Donald Duck,,,,pop-culture-shop-by-license,true,490,ok
pop-culture-shop-by-license-donkey-kong,Donkey Kong,,,,pop-culture-shop-by-license,true,35,ok
pop-culture-shop-by-license-dont-hug-me-im-scared,Don't Hug Me I'm Scared,,,,pop-culture-shop-by-license,true,,too few products (0): plain
pop-culture-shop-by-license-doraemon,Doraemon,,,,pop-culture-shop-by-license,true,,too few products (0): plain
pop-culture-shop-by-license-down-to-earth,Down To Earth,,,,pop-culture-shop-by-license,true,2,ok
pop-culture-shop-by-license-dr-pepper,Dr. Pepper,,,,pop-culture-shop-by-license,true,20,ok
pop-culture-shop-by-license-dr-seuss,Dr. Seuss,,,,pop-culture-shop-by-license,true,790,ok
pop-culture-shop-by-license-dragon-ball-z,Dragon Ball Z,,,,pop-culture-shop-by-license,true,289,ok
pop-culture-shop-by-license-duke-of-hell,Duke Of Hell,,,,pop-culture-shop-by-license,true,,too few products (0): plain
pop-culture-shop-by-license-dumbo,Dumbo,,,,pop-culture-shop-by-license,true,112,ok
pop-culture-shop-by-license-dune,Dune,,,,pop-culture-shop-by-license,true,43,ok
pop-culture-shop-by-license-dungeons-and-dragons,Dungeons & Dragons,,,,pop-culture-shop-by-license,true,1290,ok
pop-culture-shop-by-license-eden,Eden,,,,pop-culture-shop-by-license,true,,too few products (0): plain
pop-culture-shop-by-license-edward-gorey,Edward Gorey,,,,pop-culture-shop-by-license,true,,too few products (0): plain
pop-culture-shop-by-license-elektra,Elektra,,,,pop-culture-shop-by-license,true,13,ok
pop-culture-shop-by-license-elemental,Elemental,,,,pop-culture-shop-by-license,true,93,ok
pop-culture-shop-by-license-elf,Elf,,,,pop-culture-shop-by-license,true,201,ok
pop-culture-shop-by-license-emily-the-strange,Emily The Strange,,,,pop-culture-shop-by-license,true,88,ok
pop-culture-shop-by-license-encanto,Encanto,,,,pop-culture-shop-by-license,true,395,ok
pop-culture-shop-by-license-et,E.T. The Extra-Terrestrial,,,,pop-culture-shop-by-license,true,107,ok
pop-culture-shop-by-license-eureka-seven,Eureka Seven,,,,pop-culture-shop-by-license,true,,too few products (0): plain
pop-culture-shop-by-license-everything-is-fine,Everything is Fine,,,,pop-culture-shop-by-license,true,,status 500: plain
pop-culture-shop-by-license-exploding-kittens,Exploding Kittens,,,,pop-culture-shop-by-license,true,,too few products (0): plain
pop-culture-shop-by-license-fairies-by-trick,Fairies By Trick,,,,pop-culture-shop-by-license,true,173,ok
pop-culture-shop-by-license-fairly-oddparents,Fairly OddParents,,,,pop-culture-shop-by-license,true,30,ok
pop-culture-shop-by-license-fairy-tail,Fairy Tail,,,,pop-culture-shop-by-license,true,93,ok
pop-culture-shop-by-license-fallout,Fallout,,,,pop-culture-shop-by-license,true,27,ok
pop-culture-shop-by-license-family-guy,Family Guy,,,,pop-culture-shop-by-license,true,20,ok
pop-culture-shop-by-license-fantastic-beasts,Fantastic Beasts,,,,pop-culture-shop-by-license,true,3,ok
pop-culture-shop-by-license-fantastic-four,Fantastic Four,,,,pop-culture-shop-by-license,true,1393,ok
pop-culture-shop-by-license-fast-and-furious,Fast And Furious,,,,pop-culture-shop-by-license,true,54,ok
pop-culture-shop-by-license-felix-the-cat,Felix The Cat,,,,pop-culture-shop-by-license,true,123,ok
pop-culture-shop-by-license-finding-dory,Finding Dory,,,,pop-culture-shop-by-license,true,67,ok
pop-culture-shop-by-license-finding-nemo,Finding Nemo,,,,pop-culture-shop-by-license,true,153,ok
pop-culture-shop-by-license-five-nights-at-freddys,Five Nights At Freddy's,,,,pop-culture-shop-by-license,true,114,ok
pop-culture-shop-by-license-fortnite,Fortnite,,,,pop-culture-shop-by-license,true,172,ok
pop-culture-shop-by-license-frankenstein,Frankenstein,,,,pop-culture-shop-by-license,true,304,ok
pop-culture-shop-by-license-freaking-romance,Freaking Romance,,,,pop-culture-shop-by-license,true,,too few products (0): plain
pop-culture-shop-by-license-friday-the-13th,Friday The 13th,,,,pop-culture-shop-by-license,true,154,ok
pop-culture-shop-by-license-friends,Friends,,,,pop-culture-shop-by-license,true,241,ok
pop-culture-shop-by-license-frosty-the-snowman,Frosty The Snowman,,,,pop-culture-shop-by-license,true,40,ok
pop-culture-shop-by-license-frozen,Frozen,,,,pop-culture-shop-by-license,true,672,ok
pop-culture-shop-by-license-fruits-basket,Fruits Basket,,,,pop-culture-shop-by-license,true,88,ok
pop-culture-shop-by-license-fullmetal-alchemist,Fullmetal Alchemist,,,,pop-culture-shop-by-license,true,30,ok
pop-culture-shop-by-license-game-of-thrones > pop-culture-shop-by-license-game-of-thrones,View All,,,,pop-culture-shop-by-license-game-of-thrones,true,,too few products (0): plain
pop-culture-shop-by-license-game-of-thrones-house-of-the-dragon,House Of The Dragon,,,,pop-culture-shop-by-license-game-of-thrones,true,80,ok
pop-culture-shop-by-license-game-of-thrones,Game Of Thrones,,,,pop-culture-shop-by-license,false,,
pop-culture-shop-by-license-garfield,Garfield,,,,pop-culture-shop-by-license,true,654,ok
pop-culture-shop-by-license-ghost-busters,Ghostbusters,,,,pop-culture-shop-by-license,true,225,ok
pop-culture-shop-by-license-ghost-in-the-shell,Ghost In The Shell,,,,pop-culture-shop-by-license,true,127,ok
pop-culture-shop-by-license-ghost-rider,Ghost Rider,,,,pop-culture-shop-by-license,true,42,ok
pop-culture-shop-by-license-gi-joe,GI Joe,,,,pop-culture-shop-by-license,true,56,ok
pop-culture-shop-by-license-gilmore-girls,Gilmore Girls,,,,pop-culture-shop-by-license,true,298,ok
pop-culture-shop-by-license-gloomy-bear,Gloomy Bear,,,,pop-culture-shop-by-license,true,8,ok
pop-culture-shop-by-license-godzilla,Godzilla,,,,pop-culture-shop-by-license,true,185,ok
pop-culture-shop-by-license-goofy-movie,Goofy Movie,,,,pop-culture-shop-by-license,true,783,ok
pop-culture-shop-by-license-goosebumps,Goosebumps,,,,pop-culture-shop-by-license,true,,too few products (0): plain
pop-culture-shop-by-license-gran-turismo,Gran Turismo,,,,pop-culture-shop-by-license,true,8,ok
pop-culture-shop-by-license-gravity-falls,Gravity Falls,,,,pop-culture-shop-by-license,true,5,ok
pop-culture-shop-by-license-gremlins,Gremlins,,,,pop-culture-shop-by-license,true,187,ok
pop-culture-shop-by-license-guardians-of-the-galaxy,Guardians Of The Galaxy,,,,pop-culture-shop-by-license,true,1175,ok
pop-culture-shop-by-license-gudetama,Gudetama,,,,pop-culture-shop-by-license,true,55,ok
pop-culture-shop-by-license-haikyu,Haikyu!!,,,,pop-culture-shop-by-license,true,50,ok
pop-culture-shop-by-license-halloween,Halloween,,,,pop-culture-shop-by-license,true,147,ok
pop-culture-shop-by-license-halloween-horror-nights,Halloween Horror Nights,,,,pop-culture-shop-by-license,true,1296,ok
pop-culture-shop-by-license-harley-quinn,Harley Quinn,,,,pop-culture-shop-by-license,true,155,ok
pop-culture-shop-by-license-harry-potter > pop-culture-shop-by-license-harry-potter,View All,,,,pop-culture-shop-by-license-harry-potter,true,,too few products (0): plain
pop-culture-shop-by-license-harry-potter-gryffindor,Gryffindor,,,,pop-culture-shop-by-license-harry-potter,true,34,ok
pop-culture-shop-by-license-harry-potter-hufflepuff,Hufflepuff,,,,pop-culture-shop-by-license-harry-potter,true,28,ok
pop-culture-shop-by-license-harry-potter-ravenclaw,Ravenclaw,,,,pop-culture-shop-by-license-harry-potter,true,24,ok
pop-culture-shop-by-license-harry-potter-slytherin,Slytherin,,,,pop-culture-shop-by-license-harry-potter,true,31,ok
pop-culture-shop-by-license-harry-potter,Harry Potter,,,,pop-culture-shop-by-license,false,,
pop-culture-shop-by-license-haunted-mansion,Haunted Mansion,,,,pop-culture-shop-by-license,true,717,ok
pop-culture-shop-by-license-hawkeye,Hawkeye,,,,pop-culture-shop-by-license,true,200,ok
pop-culture-shop-by-license-hazbin-hotel,Hazbin Hotel,,,,pop-culture-shop-by-license,true,211,ok
pop-culture-shop-by-license-heartstopper,Heartstopper,,,,pop-culture-shop-by-license,true,72,ok
pop-culture-shop-by-license-hello-kitty,Hello Kitty,,,,pop-culture-shop-by-license,true,1466,ok
pop-culture-shop-by-license-hells-paradise,Hell's Paradise,,,,pop-culture-shop-by-license,true,8,ok
pop-culture-shop-by-license-hellsing,Hellsing,,,,pop-culture-shop-by-license,true,,too few products (0): plain
pop-culture-shop-by-license-hey-arnold,Hey Arnold,,,,pop-culture-shop-by-license,true,62,ok
pop-culture-shop-by-license-hocus-pocus,Hocus Pocus,,,,pop-culture-shop-by-license,true,668,ok
pop-culture-shop-by-license-home-alone,Home Alone,,,,pop-culture-shop-by-license,true,142,ok
pop-culture-shop-by-license-hooky,Hooky,,,,pop-culture-shop-by-license,true,,too few products (0): plain
pop-culture-shop-by-license-hot-stuff,Hot Stuff,,,,pop-culture-shop-by-license,true,83,ok
pop-culture-shop-by-license-hot-wheels,Hot Wheels,,,,pop-culture-shop-by-license,true,99,ok
pop-culture-shop-by-license-how-to-train-your-dragon,How To Train Your Dragon,,,,pop-culture-shop-by-license,true,259,ok
pop-culture-shop-by-license-howls-moving-castle,Howl's Moving Castle,,,,pop-culture-shop-by-license,true,51,ok
pop-culture-shop-by-license-hulk,Hulk,,,,pop-culture-shop-by-license,true,463,ok
pop-culture-shop-by-license-hunger-games > pop-culture-shop-by-license-hunger-games,View All,,,,pop-culture-shop-by-license-hunger-games,true,,too few products (0): plain
katniss-everdeen,Katniss Everdeen,,,,pop-culture-shop-by-license-hunger-games,true,25,ok
mockingjay,Mockingjay,,,,pop-culture-shop-by-license-hunger-games,true,8,ok
peeta-mellark,Peeta Mellark,,,,pop-culture-shop-by-license-hunger-games,true,10,ok
pop-culture-shop-by-license-hunger-games,The Hunger Games,,,,pop-culture-shop-by-license,false,,
pop-culture-shop-by-license-hunter-x-hunter,Hunter X Hunter,,,,pop-culture-shop-by-license,true,38,ok
pop-culture-shop-by-license-i-am-groot,I Am Groot,,,,pop-culture-shop-by-license,true,435,ok
pop-culture-shop-by-license-icee,Icee,,,,pop-culture-shop-by-license,true,68,ok
pop-culture-shop-by-license-in-the-clear-moonlit,In The Clear Moonlit,,,,pop-culture-shop-by-license,true,,too few products (0): plain
pop-culture-shop-by-license-indiana-jones,Indiana Jones,,,,pop-culture-shop-by-license,true,227,ok
pop-culture-shop-by-license-inhumans,Inhumans,,,,pop-culture-shop-by-license,true,15,ok
pop-culture-shop-by-license-initial-d,Initial D,,,,pop-culture-shop-by-license,true,7,ok
pop-culture-shop-by-license-inside-out,Inside Out,,,,pop-culture-shop-by-license,true,621,ok
pop-culture-shop-by-license-interview-with-the-vampire,Interview With The Vampire,,,,pop-culture-shop-by-license,true,31,ok
pop-culture-shop-by-license-inuyasha,Inuyasha,,,,pop-culture-shop-by-license,true,30,ok
pop-culture-shop-by-license-invader-zim,Invader Zim,,,,pop-culture-shop-by-license,true,800,ok
pop-culture-shop-by-license-iron-man,Iron Man,,,,pop-culture-shop-by-license,true,451,ok
pop-culture-shop-by-license-it,IT,,,,pop-culture-shop-by-license,true,192,ok
pop-culture-shop-by-license-jaws,Jaws,,,,pop-culture-shop-by-license,true,164,ok
pop-culture-shop-by-license-jay-and-silent-bob,Jay And Silent Bob,,,,pop-culture-shop-by-license,true,13,ok
pop-culture-shop-by-license-jessica-jones,Jessica Jones,,,,pop-culture-shop-by-license,true,3,ok
pop-culture-shop-by-license-jimmy-neutron,Jimmy Neutron,,,,pop-culture-shop-by-license,true,4,ok
pop-culture-shop-by-license-jojos-bizarre-adventure,Jojos Bizarre Adventure,,,,pop-culture-shop-by-license,true,32,ok
pop-culture-shop-by-license-jujutsu-kaisen,Jujutsu Kaisen,,,,pop-culture-shop-by-license,true,114,ok
pop-culture-shop-by-license-jungle-book,The Jungle Book,,,,pop-culture-shop-by-license,true,131,ok
pop-culture-shop-by-license-junji-ito,Junji Ito,,,,pop-culture-shop-by-license,true,94,ok
pop-culture-shop-by-license-jurassic-park,Jurassic Park,,,,pop-culture-shop-by-license,true,1769,ok
pop-culture-shop-by-license-justice-league,Justice League,,,,pop-culture-shop-by-license,true,225,ok
pop-culture-shop-by-license-karate-kid,Karate Kid,,,,pop-culture-shop-by-license,true,228,ok
pop-culture-shop-by-license-kewpie,Kewpie,,,,pop-culture-shop-by-license,true,8,ok
pop-culture-shop-by-license-kikis-delivery-service,Kiki's Delivery Service,,,,pop-culture-shop-by-license,true,56,ok
pop-culture-shop-by-license-killer-klowns-from-outer-space,Killer Klowns From Outer Space,,,,pop-culture-shop-by-license,true,85,ok
pop-culture-shop-by-license-king-kong,King Kong,,,,pop-culture-shop-by-license,true,19,ok
pop-culture-shop-by-license-king-of-the-hill,King Of The Hill,,,,pop-culture-shop-by-license,true,295,ok
pop-culture-shop-by-license-kingdom-hearts,Kingdom Hearts,,,,pop-culture-shop-by-license,true,917,ok
pop-culture-shop-by-license-kirby,Kirby,,,,pop-culture-shop-by-license,true,116,ok
pop-culture-shop-by-license-knight-rider,Knight Rider,,,,pop-culture-shop-by-license,true,14,ok
pop-culture-shop-by-license-kuromi,Kuromi,,,,pop-culture-shop-by-license,true,219,ok
pop-culture-shop-by-license-lady-and-the-tramp,Lady And The Tramp,,,,pop-culture-shop-by-license,true,176,ok
pop-culture-shop-by-license-life-is-strange,Life Is Strange,,,,pop-culture-shop-by-license,true,,too few products (0): plain
pop-culture-shop-by-license-lilo-and-stitch,Lilo And Stitch,,,,pop-culture-shop-by-license,true,4492,ok
pop-culture-shop-by-license-limewire,LimeWire,,,,pop-culture-shop-by-license,true,,too few products (0): plain
pop-culture-shop-by-license-lion-king,Lion King,,,,pop-culture-shop-by-license,true,1631,ok
pop-culture-shop-by-license-lisa-frankenstein,Lisa Frankenstein,,,,pop-culture-shop-by-license,true,11,ok
pop-culture-shop-by-license-little-mermaid,The Little Mermaid,,,,pop-culture-shop-by-license,true,1489,ok
pop-culture-shop-by-license-loki,Loki,,,,pop-culture-shop-by-license,true,1080,ok
pop-culture-shop-by-license-looney-tunes,Looney Tunes,,,,pop-culture-shop-by-license,true,479,ok
pop-culture-shop-by-license-lord-of-the-rings,Lord Of The Rings,,,,pop-culture-shop-by-license,true,485,ok
pop-culture-shop-by-license-lore-olympus,Lore Olympus,,,,pop-culture-shop-by-license,true,,status 500: plain
pop-culture-shop-by-license-lost-boys,The Lost Boys,,,,pop-culture-shop-by-license,true,84,ok
pop-culture-shop-by-license-luca,Luca,,,,pop-culture-shop-by-license,true,111,ok
pop-culture-shop-by-license-m3gan,M3GAN,,,,pop-culture-shop-by-license,true,26,ok
pop-culture-shop-by-license-mad-max,Mad Max,,,,pop-culture-shop-by-license,true,,status 500: plain
pop-culture-shop-by-license-madame-web,Madame Web,,,,pop-culture-shop-by-license,true,,status 500: plain
pop-culture-shop-by-license-magical-destroyers,Magical Destroyers,,,,pop-culture-shop-by-license,true,,too few products (0): plain
pop-culture-shop-by-license-major-league-wrestling,Major League Wrestling,,,,pop-culture-shop-by-license,true,42,ok
pop-culture-shop-by-license-maleficent,Maleficent,,,,pop-culture-shop-by-license,true,857,ok
pop-culture-shop-by-license-mario,Super Mario,,,,pop-culture-shop-by-license,true,1445,ok
pop-culture-shop-by-license-marvel,Marvel,,,,pop-culture-shop-by-license,true,30975,ok
pop-culture-shop-by-license-mary-poppins,Mary Poppins,,,,pop-culture-shop-by-license,true,2,ok
pop-culture-shop-by-license-mean-girls,Mean Girls,,,,pop-culture-shop-by-license,true,198,ok
pop-culture-shop-by-license-mickey-and-minnie,Mickey And Minnie,,,,pop-culture-shop-by-license,true,9200,ok
pop-culture-shop-by-license-mickey-mouse,Mickey Mouse,,,,pop-culture-shop-by-license,true,7450,ok
pop-culture-shop-by-license-miffy,Miffy,,,,pop-culture-shop-by-license,true,36,ok
pop-culture-shop-by-license-mighty-morphin-power-rangers,Mighty Morphin Power Rangers,,,,pop-culture-shop-by-license,true,154,ok
pop-culture-shop-by-license-mimi-and-neko,Mimi And Neko,,,,pop-culture-shop-by-license,true,,too few products (0): plain
pop-culture-shop-by-license-minecraft,Minecraft,,,,pop-culture-shop-by-license,true,457,ok
pop-culture-shop-by-license-minnie-mouse,Minnie Mouse,,,,pop-culture-shop-by-license,true,1751,ok
pop-culture-shop-by-license-moana,Moana,,,,pop-culture-shop-by-license,true,973,ok
pop-culture-shop-by-license-monster-high,Monster High,,,,pop-culture-shop-by-license,true,414,ok
pop-culture-shop-by-license-monsters-inc,"Monsters, Inc.",,,,pop-culture-shop-by-license,true,237,ok
pop-culture-shop-by-license-moon-knight,Moon Knight,,,,pop-culture-shop-by-license,true,476,ok
pop-culture-shop-by-license-morbius,Morbius,,,,pop-culture-shop-by-license,true,191,ok
pop-culture-shop-by-license-mortal-engines,Mortal Engines,,,,pop-culture-shop-by-license,true,,status 500: plain
pop-culture-shop-by-license-mortal-kombat,Mortal Kombat,,,,pop-culture-shop-by-license,true,132,ok
pop-culture-shop-by-license-ms-marvel,Ms Marvel,,,,pop-culture-shop-by-license,true,396,ok
pop-culture-shop-by-license-mtv,MTV,,,,pop-culture-shop-by-license,true,483,ok
pop-culture-shop-by-license-mulan,Mulan,,,,pop-culture-shop-by-license,true,451,ok
pop-culture-shop-by-license-my-hero-academia,My Hero Academia,,,,pop-culture-shop-by-license,true,144,ok
pop-culture-shop-by-license-my-little-pony,My Little Pony,,,,pop-culture-shop-by-license,true,410,ok
pop-culture-shop-by-license-my-neighbor-totoro,My Neighbor Totoro,,,,pop-culture-shop-by-license,true,100,ok
pop-culture-shop-by-license-my-next-life-as-a-villainess,My Next Life As A Villainess,,,,pop-culture-shop-by-license,true,,too few products (0): plain
pop-culture-shop-by-license-naruto,Naruto,,,,pop-culture-shop-by-license,true,355,ok
pop-culture-shop-by-license-nasa,NASA,,,,pop-culture-shop-by-license,true,106,ok
pop-culture-shop-by-license-national-lampoons-christmas-vacation,National Lampoons Christmas Vacation,,,,pop-culture-shop-by-license,true,149,ok
pop-culture-shop-by-license-neopets,Neopets,,,,pop-culture-shop-by-license,true,76,ok
pop-culture-shop-by-license-nerf,Nerf,,,,pop-culture-shop-by-license,true,22,ok
pop-culture-shop-by-license-netflix,Netflix,,,,pop-culture-shop-by-license,true,370,ok
pop-culture-shop-by-license-nightmare-before-christmas,The Nightmare Before Christmas,,,,pop-culture-shop-by-license,true,2608,ok
pop-culture-shop-by-license-nightmare-on-elm-street,Nightmare On Elm Street,,,,pop-culture-shop-by-license,true,126,ok
pop-culture-shop-by-license-nimona,Nimona,,,,pop-culture-shop-by-license,true,,too few products (0): plain
pop-culture-shop-by-license-nintendo,Nintendo,,,,pop-culture-shop-by-license,true,6320,ok
pop-culture-shop-by-license-nocturne,Nocturne,,,,pop-culture-shop-by-license,true,,status 500: plain
pop-culture-shop-by-license-obey-me,Obey Me!,,,,pop-culture-shop-by-license,true,,too few products (0): plain
pop-culture-shop-by-license-obi-wan-kenobi,Obi-Wan Kenobi,,,,pop-culture-shop-by-license,true,560,ok
pop-culture-shop-by-license-one-piece > pop-culture-shop-by-license-one-piece,View All,,,,pop-culture-shop-by-license-one-piece,true,,too few products (0): plain
pop-culture-shop-by-license-one-piece-movie,Live Action,,,,pop-culture-shop-by-license-one-piece,true,,too few products (0): plain
pop-culture-shop-by-license-one-piece,One Piece,,,,pop-culture-shop-by-license,false,,
pop-culture-shop-by-license-one-punch,One Punch Man,,,,pop-culture-shop-by-license,true,4,ok
pop-culture-shop-by-license-onward,Onward,,,,pop-culture-shop-by-license,true,269,ok
pop-culture-shop-by-license-ouran-high-school-host-club,Ouran High School Host Club,,,,pop-culture-shop-by-license,true,89,ok
pop-culture-shop-by-license-outer-banks,Outer Banks,,,,pop-culture-shop-by-license,true,402,ok
pop-culture-shop-by-license-over-the-garden-wall,Over The Garden Wall,,,,pop-culture-shop-by-license,true,71,ok
pop-culture-shop-by-license-overwatch,Overwatch,,,,pop-culture-shop-by-license,true,230,ok
pop-culture-shop-by-license-parks-and-recreation,Parks And Recreation,,,,pop-culture-shop-by-license,true,125,ok
pop-culture-shop-by-license-peaky-blinders,Peaky Blinders,,,,pop-culture-shop-by-license,true,3,ok
pop-culture-shop-by-license-peanuts,Peanuts,,,,pop-culture-shop-by-license,true,1015,ok
pop-culture-shop-by-license-percy-jackson,Percy Jackson And The Olympians,,,,pop-culture-shop-by-license,true,207,ok
pop-culture-shop-by-license-peter-pan,Peter Pan,,,,pop-culture-shop-by-license,true,905,ok
pop-culture-shop-by-license-phineas-and-ferb,Phineas and Ferb,,,,pop-culture-shop-by-license,true,151,ok
pop-culture-shop-by-license-pinocchio,Pinocchio,,,,pop-culture-shop-by-license,true,96,ok
pop-culture-shop-by-license-pirates-of-the-caribbean,Pirates Of The Caribbean,,,,pop-culture-shop-by-license,true,141,ok
pop-culture-shop-by-license-pixar,Pixar,,,,pop-culture-shop-by-license,true,5400,ok
pop-culture-shop-by-license-pocahontas,Pocahontas,,,,pop-culture-shop-by-license,true,239,ok
pop-culture-shop-by-license-pokemon,Pokemon,,,,pop-culture-shop-by-license,true,1694,ok
pop-culture-shop-by-license-polar-express,Polar Express,,,,pop-culture-shop-by-license,true,29,ok
pop-culture-shop-by-license-polly-pocket,Polly Pocket,,,,pop-culture-shop-by-license,true,25,ok
pop-culture-shop-by-license-ponyo,Ponyo,,,,pop-culture-shop-by-license,true,21,ok
pop-culture-shop-by-license-poppy-playtime,Poppy Playtime,,,,pop-culture-shop-by-license,true,127,ok
pop-culture-shop-by-license-pound-puppies,Pound Puppies,,,,pop-culture-shop-by-license,true,,status 500: plain
pop-culture-shop-by-license-power-puff-girls,The Powerpuff Girls,,,,pop-culture-shop-by-license,true,290,ok
pop-culture-shop-by-license-predator,Predator,,,,pop-culture-shop-by-license,true,71,ok
pop-culture-shop-by-license-princess-and-the-frog,Princess And The Frog,,,,pop-culture-shop-by-license,true,255,ok
pop-culture-shop-by-license-princess-mononoke,Princess Mononoke,,,,pop-culture-shop-by-license,true,36,ok
pop-culture-shop-by-license-punisher,Punisher,,,,pop-culture-shop-by-license,true,284,ok
pop-culture-shop-by-license-pusheen-the-cat,Pusheen The Cat,,,,pop-culture-shop-by-license,true,47,ok
pop-culture-shop-by-license-puss-in-boots,Puss In Boots,,,,pop-culture-shop-by-license,true,23,ok
pop-culture-shop-by-license-rainbow-brite,Rainbow Brite,,,,pop-culture-shop-by-license,true,688,ok
pop-culture-shop-by-license-rainylune,Rainylune,,,,pop-culture-shop-by-license,true,,too few products (0): plain
pop-culture-shop-by-license-ranking-of-kings,Ranking Of Kings,,,,pop-culture-shop-by-license,true,,too few products (0): plain
pop-culture-shop-by-license-ratatouille,Ratatouille,,,,pop-culture-shop-by-license,true,150,ok
pop-culture-shop-by-license-raya-and-the-last-dragon,Raya And The Last Dragon,,,,pop-culture-shop-by-license,true,62,ok
pop-culture-shop-by-license-rebel-moon,Rebel Moon,,,,pop-culture-shop-by-license,true,204,ok
pop-culture-shop-by-license-record-of-ragnarok,Record of Ragnarok,,,,pop-culture-shop-by-license,true,2,ok
pop-culture-shop-by-license-regular-show,Regular Show,,,,pop-culture-shop-by-license,true,26,ok
pop-culture-shop-by-license-reservation-dogs,Reservation Dogs,,,,pop-culture-shop-by-license,true,,too few products (0): plain
pop-culture-shop-by-license-retal1Ators,Retal1Ators,,,,pop-culture-shop-by-license,true,3,ok
pop-culture-shop-by-license-retro-nickelodeon,Retro Nickelodeon,,,,pop-culture-shop-by-license,true,3549,ok
pop-culture-shop-by-license-retro-tv,Retro TV,,,,pop-culture-shop-by-license,true,63,ok
pop-culture-shop-by-license-rick-and-morty,Rick And Morty,,,,pop-culture-shop-by-license,true,624,ok
pop-culture-shop-by-license-riverdale,Riverdale,,,,pop-culture-shop-by-license,true,17,ok
pop-culture-shop-by-license-robocop,Robocop,,,,pop-culture-shop-by-license,true,12,ok
pop-culture-shop-by-license-robot-chicken,Robot Chicken,,,,pop-culture-shop-by-license,true,21,ok
pop-culture-shop-by-license-rooster-fighter,Rooster Fighter,,,,pop-culture-shop-by-license,true,58,ok
pop-culture-shop-by-license-ruby-gloom,Ruby Gloom,,,,pop-culture-shop-by-license,true,,too few products (0): plain
pop-culture-shop-by-license-rudolph-the-red-nosed-reindeer,Rudolph The Red Nosed Reindeer,,,,pop-culture-shop-by-license,true,24,ok
pop-culture-shop-by-license-rug-rats,Rugrats,,,,pop-culture-shop-by-license,true,107,ok
pop-culture-shop-by-license-sailor-moon,Sailor Moon,,,,pop-culture-shop-by-license,true,85,ok
pop-culture-shop-by-license-sally-face,Sally Face,,,,pop-culture-shop-by-license,true,43,ok
pop-culture-shop-by-license-samurai-jack,Samurai Jack,,,,pop-culture-shop-by-license,true,53,ok
pop-culture-shop-by-license-sanrio > pop-culture-shop-by-license-sanrio,View All,,,,pop-culture-shop-by-license-sanrio,true,,too few products (0): plain
pop-culture-shop-by-license-sanrio-cinnamoroll,Cinnamoroll,,,,pop-culture-shop-by-license-sanrio,true,200,ok
pop-culture-shop-by-license-sanrio,Sanrio,,,,pop-culture-shop-by-license,false,,
pop-culture-shop-by-license-saved-by-the-bell,Saved By The Bell,,,,pop-culture-shop-by-license,true,8,ok
pop-culture-shop-by-license-saw,Saw,,,,pop-culture-shop-by-license,true,62,ok
pop-culture-shop-by-license-scarface,Scarface,,,,pop-culture-shop-by-license,true,66,ok
pop-culture-shop-by-license-scooby-doo,Scooby Doo,,,,pop-culture-shop-by-license,true,467,ok
pop-culture-shop-by-license-scott-pilgrim,Scott Pilgrim,,,,pop-culture-shop-by-license,true,8,ok
pop-culture-shop-by-license-scream,Scream,,,,pop-culture-shop-by-license,true,123,ok
pop-culture-shop-by-license-secret invasion,Secret Invasion,,,,pop-culture-shop-by-license,true,56,ok
pop-culture-shop-by-license-sesame-street,Sesame Street,,,,pop-culture-shop-by-license,true,621,ok
pop-culture-shop-by-license-shadow-and-bone,Shadow And Bone,,,,pop-culture-shop-by-license,true,2,ok
pop-culture-shop-by-license-shang-chi,Shang-Chi,,,,pop-culture-shop-by-license,true,226,ok
pop-culture-shop-by-license-shaun-of-the-dead,Shaun Of The Dead,,,,pop-culture-shop-by-license,true,6,ok
pop-culture-shop-by-license-shazam,Shazam,,,,pop-culture-shop-by-license,true,17,ok
pop-culture-shop-by-license-she-hulk,She-Hulk,,,,pop-culture-shop-by-license,true,367,ok
pop-culture-shop-by-license-shield,Shield,,,,pop-culture-shop-by-license,true,13,ok
pop-culture-shop-by-license-shrek,Shrek,,,,pop-culture-shop-by-license,true,208,ok
pop-culture-shop-by-license-sk8-the-infinity,SK8 The Infinity,,,,pop-culture-shop-by-license,true,2,ok
pop-culture-shop-by-license-skelanimals,Skelanimals,,,,pop-culture-shop-by-license,true,87,ok
pop-culture-shop-by-license-sleeping-beauty,Sleeping Beauty,,,,pop-culture-shop-by-license,true,857,ok
pop-culture-shop-by-license-smokey-bear,Smokey Bear,,,,pop-culture-shop-by-license,true,,too few products (0): plain
pop-culture-shop-by-license-snow-white,Snow White,,,,pop-culture-shop-by-license,true,844,ok
pop-culture-shop-by-license-solo-leveling,Solo Leveling,,,,pop-culture-shop-by-license,true,22,ok
pop-culture-shop-by-license-sonic,Sonic The Hedgehog,,,,pop-culture-shop-by-license,true,584,ok
pop-culture-shop-by-license-soul,Soul,,,,pop-culture-shop-by-license,true,147,ok
pop-culture-shop-by-license-soul-eater,Soul Eater,,,,pop-culture-shop-by-license,true,3,ok
pop-culture-shop-by-license-southpark,South Park,,,,pop-culture-shop-by-license,true,432,ok
pop-culture-shop-by-license-space-jam,Space Jam,,,,pop-culture-shop-by-license,true,22,ok
pop-culture-shop-by-license-spawn,Spawn,,,,pop-culture-shop-by-license,true,4,ok
pop-culture-shop-by-license-spider-gwen,Spider-Gwen,,,,pop-culture-shop-by-license,true,45,ok
pop-culture-shop-by-license-spider-verse,Spider-Verse,,,,pop-culture-shop-by-license,true,183,ok
pop-culture-shop-by-license-spiderman,Spider-Man,,,,pop-culture-shop-by-license,true,6073,ok
pop-culture-shop-by-license-spirited-away,Spirited Away,,,,pop-culture-shop-by-license,true,87,ok
pop-culture-shop-by-license-splatoon,Splatoon,,,,pop-culture-shop-by-license,true,65,ok
pop-culture-shop-by-license-sponge-bob,Spongebob Squarepants,,,,pop-culture-shop-by-license,true,932,ok
pop-culture-shop-by-license-spy-x-family,Spy X Family,,,,pop-culture-shop-by-license,true,47,ok
pop-culture-shop-by-license-squid-game,Squid Game,,,,pop-culture-shop-by-license,true,650,ok
pop-culture-shop-by-license-star-fox,Star Fox,,,,pop-culture-shop-by-license,true,44,ok
pop-culture-shop-by-license-star-trek,Star Trek,,,,pop-culture-shop-by-license,true,711,ok
pop-culture-shop-by-license-star-wars,Star Wars,,,,pop-culture-shop-by-license,true,29604,ok
pop-culture-shop-by-license-steven-universe,Steven Universe,,,,pop-culture-shop-by-license,true,227,ok
pop-culture-shop-by-license-strange-planet,Strange Planet,,,,pop-culture-shop-by-license,true,,too few products (0): plain
pop-culture-shop-by-license-strange-world,Strange World,,,,pop-culture-shop-by-license,true,142,ok
pop-culture-shop-by-license-stranger-things > pop-culture-shop-by-license-stranger-things,View All,,,,pop-culture-shop-by-license-stranger-things,true,,too few products (0): plain
pop-culture-shop-by-license-stranger-things-hellfire-club,Hellfire Club,,,,pop-culture-shop-by-license-stranger-things,true,353,ok
pop-culture-shop-by-license-stranger-things,Stranger Things,,,,pop-culture-shop-by-license,false,,
pop-culture-shop-by-license-strawberry-shortcake,Strawberry Shortcake,,,,pop-culture-shop-by-license,true,531,ok
pop-culture-shop-by-license-street-fighter,Street Fighter,,,,pop-culture-shop-by-license,true,49,ok
pop-culture-shop-by-license-studio-ghibli,Studio Ghibli,,,,pop-culture-shop-by-license,true,389,ok
pop-culture-shop-by-license-suicide-squad,Suicide Squad,,,,pop-culture-shop-by-license,true,303,ok
pop-culture-shop-by-license-sumikkogurashi,Sumikkogurashi,,,,pop-culture-shop-by-license,true,,too few products (0): plain
pop-culture-shop-by-license-supergirl,Supergirl,,,,pop-culture-shop-by-license,true,120,ok
pop-culture-shop-by-license-superman,Superman,,,,pop-culture-shop-by-license,true,609,ok
pop-culture-shop-by-license-supernatural,Supernatural,,,,pop-culture-shop-by-license,true,573,ok
pop-culture-shop-by-license-sword-art-online,Sword Art Online,,,,pop-culture-shop-by-license,true,77,ok
pop-culture-shop-by-license-tangled,Tangled,,,,pop-culture-shop-by-license,true,217,ok
pop-culture-shop-by-license-ted-lasso,Ted Lasso,,,,pop-culture-shop-by-license,true,209,ok
pop-culture-shop-by-license-teenage-mutant-ninja-turtle,Teenage Mutant Ninja Turtles,,,,pop-culture-shop-by-license,true,564,ok
pop-culture-shop-by-license-terrifier,Terrifier,,,,pop-culture-shop-by-license,true,60,ok
pop-culture-shop-by-license-the-boys,The Boys,,,,pop-culture-shop-by-license,true,83,ok
pop-culture-shop-by-license-the-crow,The Crow,,,,pop-culture-shop-by-license,true,61,ok
pop-culture-shop-by-license-the-defenders,The Defenders,,,,pop-culture-shop-by-license,true,41,ok
pop-culture-shop-by-license-the-devil-is-a-part-timer,The Devil is a Part-Timer!,,,,pop-culture-shop-by-license,true,,status 500: plain
pop-culture-shop-by-license-the-dragon-prince,The Dragon Prince,,,,pop-culture-shop-by-license,true,,too few products (0): plain
pop-culture-shop-by-license-the-elite,The Elite,,,,pop-culture-shop-by-license,true,,too few products (0): plain
pop-culture-shop-by-license-the-emperors-new-groove,The Emperor's New Groove,,,,pop-culture-shop-by-license,true,233,ok
pop-culture-shop-by-license-the-eternals,The Eternals,,,,pop-culture-shop-by-license,true,371,ok
pop-culture-shop-by-license-the-falcon-and-the-winter-soldier,The Falcon And The Winter Soldier,,,,pop-culture-shop-by-license,true,781,ok
pop-culture-shop-by-license-the-flash,The Flash,,,,pop-culture-shop-by-license,true,64,ok
pop-culture-shop-by-license-the-grim-adventures-of-billy-mandy,The Grim Adventures Of Billy And Mandy,,,,pop-culture-shop-by-license,true,45,ok
pop-culture-shop-by-license-the-grinch,The Grinch,,,,pop-culture-shop-by-license,true,231,ok
pop-culture-shop-by-license-the-incredibles,The Incredibles,,,,pop-culture-shop-by-license,true,28,ok
pop-culture-shop-by-license-the-invisible-man,The Invisible Man,,,,pop-culture-shop-by-license,true,21,ok
pop-culture-shop-by-license-the-land-before-time,The Land Before Time,,,,pop-culture-shop-by-license,true,37,ok
pop-culture-shop-by-license-the-last-unicorn,The Last Unicorn,,,,pop-culture-shop-by-license,true,2,ok
pop-culture-shop-by-license-the-mandalorian,The Mandalorian,,,,pop-culture-shop-by-license,true,6758,ok
pop-culture-shop-by-license-the-marvels,The Marvels,,,,pop-culture-shop-by-license,true,1401,ok
pop-culture-shop-by-license-the-matrix,The Matrix,,,,pop-culture-shop-by-license,true,53,ok
pop-culture-shop-by-license-the-mummy,The Mummy,,,,pop-culture-shop-by-license,true,116,ok
pop-culture-shop-by-license-the-muppets,The Muppets,,,,pop-culture-shop-by-license,true,785,ok
pop-culture-shop-by-license-the-office,The Office,,,,pop-culture-shop-by-license,true,62,ok
pop-culture-shop-by-license-the-owl-house,The Owl House,,,,pop-culture-shop-by-license,true,158,ok
pop-culture-shop-by-license-the-school-for-good-and-evil,The School For Good And Evil,,,,pop-culture-shop-by-license,true,,too few products (0): plain
pop-culture-shop-by-license-the-shining,The Shining,,,,pop-culture-shop-by-license,true,2,ok
pop-culture-shop-by-license-the-simpsons,The Simpsons,,,,pop-culture-shop-by-license,true,1065,ok
pop-culture-shop-by-license-the-way-of-the-househusband,The Way Of The Househusband,,,,pop-culture-shop-by-license,true,4,ok
pop-culture-shop-by-license-the-witcher,The Witcher,,,,pop-culture-shop-by-license,true,5,ok
pop-culture-shop-by-license-this-is-fine,This Is Fine,,,,pop-culture-shop-by-license,true,25,ok
pop-culture-shop-by-license-thor > pop-culture-shop-by-license-thor,View All,,,,pop-culture-shop-by-license-thor,true,,too few products (0): plain
pop-culture-shop-by-license-thor-gorr-the-god-butcher,Gorr The God Butcher,,,,pop-culture-shop-by-license-thor,true,15,ok
pop-culture-shop-by-license-thor-korg,Korg,,,,pop-culture-shop-by-license-thor,true,6,ok
pop-culture-shop-by-license-thor-mighty-thor,Mighty Thor,,,,pop-culture-shop-by-license-thor,true,34,ok
pop-culture-shop-by-license-thor-valkyrie,Valkyrie,,,,pop-culture-shop-by-license-thor,true,34,ok
pop-culture-shop-by-license-thor,Thor,,,,pop-culture-shop-by-license,false,,
pop-culture-shop-by-license-tinkerbell,Tinker Bell,,,,pop-culture-shop-by-license,true,488,ok
pop-culture-shop-by-license-to-your-eternity,To Your Eternity,,,,pop-culture-shop-by-license,true,2,ok
pop-culture-shop-by-license-toilet-bound-hanako-kun,Toilet Bound Hanako Kun,,,,pop-culture-shop-by-license,true,43,ok
pop-culture-shop-by-license-tokidoki,Tokidoki,,,,pop-culture-shop-by-license,true,301,ok
pop-culture-shop-by-license-tokyo-ghoul,Tokyo Ghoul,,,,pop-culture-shop-by-license,true,6,ok
pop-culture-shop-by-license-tokyo-revengers,Tokyo Revengers,,,,pop-culture-shop-by-license,true,4,ok
pop-culture-shop-by-license-tom-and-jerry,Tom And Jerry,,,,pop-culture-shop-by-license,true,71,ok
pop-culture-shop-by-license-top-gun,Top Gun,,,,pop-culture-shop-by-license,true,92,ok
pop-culture-shop-by-license-toystory,Toy Story,,,,pop-culture-shop-by-license,true,2535,ok
pop-culture-shop-by-license-transformers,Transformers,,,,pop-culture-shop-by-license,true,338,ok
pop-culture-shop-by-license-trolls,Trolls,,,,pop-culture-shop-by-license,true,32,ok
pop-culture-shop-by-license-true-beauty,True Beauty,,,,pop-culture-shop-by-license,true,3,ok
pop-culture-shop-by-license-turning-red,Turning Red,,,,pop-culture-shop-by-license,true,449,ok
pop-culture-shop-by-license-twilight,Twilight,,,,pop-culture-shop-by-license,true,268,ok
pop-culture-shop-by-license-twin-peaks,Twin Peaks,,,,pop-culture-shop-by-license,true,82,ok
pop-culture-shop-by-license-universal-monsters,Universal Monsters,,,,pop-culture-shop-by-license,true,818,ok
pop-culture-shop-by-license-up,Up,,,,pop-culture-shop-by-license,true,339,ok
pop-culture-shop-by-license-vampire-diaries,Vampire Diaries,,,,pop-culture-shop-by-license,true,10,ok
pop-culture-shop-by-license-van-gogh,Van Gogh,,,,pop-culture-shop-by-license,true,,too few products (0): plain
pop-culture-shop-by-license-vegetable-fairy,Vegetable Fairy,,,,pop-culture-shop-by-license,true,,too few products (0): plain
pop-culture-shop-by-license-venom,Venom,,,,pop-culture-shop-by-license,true,623,ok
pop-culture-shop-by-license-voltron,Voltron,,,,pop-culture-shop-by-license,true,68,ok
pop-culture-shop-by-license-wall-e,Wall E,,,,pop-culture-shop-by-license,true,8,ok
pop-culture-shop-by-license-wandavision,Wandavision,,,,pop-culture-shop-by-license,true,1025,ok
pop-culture-shop-by-license-warcraft,Warcraft,,,,pop-culture-shop-by-license,true,79,ok
pop-culture-shop-by-license-wb-horror,WB Horror,,,,pop-culture-shop-by-license,true,1137,ok
pop-culture-shop-by-license-we-bare-bears,We Bare Bears,,,,pop-culture-shop-by-license,true,53,ok
pop-culture-shop-by-license-willow,Willow,,,,pop-culture-shop-by-license,true,,too few products (0): plain
pop-culture-shop-by-license-willy-wonka,Willy Wonka,,,,pop-culture-shop-by-license,true,33,ok
pop-culture-shop-by-license-winnie-the-pooh > pop-culture-shop-by-license-winnie-the-pooh,View All,,,,pop-culture-shop-by-license-winnie-the-pooh,true,,too few products (0): plain
tigger,Tigger,,,,pop-culture-shop-by-license-winnie-the-pooh,true,69,ok
pop-culture-shop-by-license-winnie-the-pooh,Winnie The Pooh,,,,pop-culture-shop-by-license,false,,
pop-culture-shop-by-license-wish,Wish,,,,pop-culture-shop-by-license,true,170,ok
pop-culture-shop-by-license-wizard-of-oz,Wizard Of Oz,,,,pop-culture-shop-by-license,true,180,ok
pop-culture-shop-by-license-wolf-children,Wolf Children,,,,pop-culture-shop-by-license,true,,too few products (0): plain
pop-culture-shop-by-license-wolverine,Wolverine,,,,pop-culture-shop-by-license,true,362,ok
pop-culture-shop-by-license-wonder-woman,Wonder Woman,,,,pop-culture-shop-by-license,true,162,ok
pop-culture-shop-by-license-world-of-war-craft,World Of War Craft,,,,pop-culture-shop-by-license,true,79,ok
pop-culture-shop-by-license-wreck-it-ralph,Wreck It Ralph,,,,pop-culture-shop-by-license,true,149,ok
pop-culture-shop-by-license-wwe,WWE,,,,pop-culture-shop-by-license,true,300,ok
pop-culture-shop-by-license-xena,Xena,,,,pop-culture-shop-by-license,true,7,ok
pop-culture-shop-by-license-xmen,XMen,,,,pop-culture-shop-by-license,true,1726,ok
pop-culture-shop-by-license-yellowjackets,Yellowjackets,,,,pop-culture-shop-by-license,true,98,ok
pop-culture-shop-by-license-yellowstone,Yellowstone,,,,pop-culture-shop-by-license,true,283,ok
pop-culture-shop-by-license-yoda,Baby Yoda,,,,pop-culture-shop-by-license,true,1950,ok
pop-culture-shop-by-license-yoshi,Yoshi,,,,pop-culture-shop-by-license,true,22,ok
pop-culture-shop-by-license-yugioh,Yu-Gi-Oh,,,,pop-culture-shop-by-license,true,121,ok
pop-culture-shop-by-license-zelda,Zelda,,,,pop-culture-shop-by-license,true,1123,ok
pop-culture-shop-by-license-zom-100,Zom 100,,,,pop-culture-shop-by-license,true,,too few products (0): plain
pop-culture-shop-by-license,Shop By License,,,,pop-culture,false,,
pop-culture-movies,Movies,,,,pop-culture,true,3047,ok
pop-culture-tv,TV,,,,pop-culture,true,60198,ok
pop-culture-anime > pop-culture-anime,View All,,,,pop-culture-anime,true,,too few products (0): plain
pop-culture-anime-hoodies,Hoodies,,,,pop-culture-anime,true,,too few products (0): plain
pop-culture-anime,Anime,,,,pop-culture,false,,
pop-culture-cartoons,Cartoons,,,,pop-culture,true,62634,ok
pop-culture-cosplay,Cosplay,,,,pop-culture,true,1463,ok
pop-culture-gamer,Gamer,,,,pop-culture,true,11373,ok
pop-culture-horror > pop-culture-horror,View All,,,,pop-culture-horror,true,,too few products (0): plain
pop-culture-horror-the-exorcist,The Exorcist,,,,pop-culture-horror,true,,too few products (0): plain
pop-culture-horror-trick-r-treat,Trick R Treat,,,,pop-culture-horror,true,,too few products (0): plain
pop-culture-horror,Horror,,,,pop-culture,false,,
pop-culture-superheroes,Superheroes,,,,pop-culture,true,34991,ok
pop-culture-sports > pop-culture-sports,View All,,,,pop-culture-sports,true,,too few products (0): plain
pop-culture-sports-baseball,Baseball,,,,pop-culture-sports,true,640,ok
pop-culture-sports,Sports,,,,pop-culture,false,,
pop-culture,Pop Culture,,,,,false,,
new,New,,,,,true,14663,ok
back-to-school,Back To School,,,,,true,12266,ok
Halloween > Halloween,View All,,,,Halloween,true,,too few products (0): plain
halloween-fashion,Fashion,,,,Halloween,true,,too few products (0): plain
halloween-music,Music,,,,Halloween,true,,too few products (0): plain
halloween-hex-girls,Hex Girls,,,,Halloween,true,,too few products (0): plain
halloween-all-halloween,All Halloween,,,,Halloween,true,,too few products (0): plain
Halloween,Halloween,,,,,false,,
girls > girls,View All,,,,girls,true,,too few products (0): plain
girls-new-arrivals,New Arrivals,,,,girls,true,7093,ok
girls-tops > girls-tops,View All,,,,girls-tops,true,,too few products (0): plain
girls-tops-bodysuits,Bodysuits,,,,girls-tops,true,8,ok
girls-button-up-tops,Button Up Tops,,,,girls-tops,true,39,ok
girls-tops-corsets,Corsets,,,,girls-tops,true,85,ok
girls-fashion-tops-crop-tops,Crop Tops,,,,girls-tops,true,568,ok
girls-fashion-tops-kimonos,Kimonos,,,,girls-tops,true,24,ok
girls-long-sleeve-tops,Long Sleeves,,,,girls-tops,true,3037,ok
girls-tanks,Tank Tops,,,,girls-tops,true,19465,ok
girls-tees > girls-tees,View All,,,,girls-tees,true,,too few products (0): plain
girls-tops-tees-boyfriend-fit-tees,Boyfriend Fit Tees,,,,girls-tees,true,91,ok
girls-tees-anime-tees,Anime Tees,,,,girls-tees,true,1076,ok
girls-tees-cartoon-tees,Cartoon Tees,,,,girls-tees,true,4168,ok
girls-tees-gamer-tees,Gamer Tees,,,,girls-tees,true,5300,ok
girls-tees-movie-tees,Movie Tees,,,,girls-tees,true,402,ok
girls-tees-music-tees > girls-tees-music-tees,View All,,,,girls-tees-music-tees,true,,too few products (0): plain
girls-tees-music-tees-alternative-rock,Alternative Rock,,,,girls-tees-music-tees,true,69,ok
girls-tees-music-tees-classic-rock,Classic Rock,,,,girls-tees-music-tees,true,27,ok
girls-tees-music-tees-hip-hop,Hip Hop,,,,girls-tees-music-tees,true,101,ok
girls-tees-music-tees-indie,Indie,,,,girls-tees-music-tees,true,23,ok
girls-tees-music-tees-metal,Metal,,,,girls-tees-music-tees,true,158,ok
girls-tees-music-tees-pop,Pop,,,,girls-tees-music-tees,true,97,ok
girls-tees-music-tees-pop-punk,Pop Punk,,,,girls-tees-music-tees,true,71,ok
girls-tees-music-tees-punk,Punk,,,,girls-tees-music-tees,true,121,ok
girls-tees-music-tees-screamo,Screamo,,,,girls-tees-music-tees,true,73,ok
girls-tees-music-tees,Music Tees ,,,,girls-tees,false,,
girls-tees-pop-culture-tees,Pop Culture Tees ,,,,girls-tees,true,34288,ok
girls-tees-superhero-tees,Superhero Tees ,,,,girls-tees,true,12002,ok
girls-tees-tv-tees,TV Tees,,,,girls-tees,true,19,ok
girls-tees,Tees,,,,girls-tops,false,,
girls-tops,Tops,,,,girls,false,,
girls-bottoms > girls-bottoms,View All,,,,girls-bottoms,true,,too few products (0): plain
girls-bottoms-cargos,Cargos,,,,girls-bottoms,true,19,ok
girls-lounge-lounge-bottoms-lounge-joggers,Joggers,,,,girls-bottoms,true,5,ok
girls-bottoms-leggings,Leggings,,,,girls-bottoms,true,14,ok
girls-bottoms-shorts > girls-bottoms-shorts,View All,,,,girls-bottoms-shorts,true,0,too few products (0): plain
girls-bottoms-shorts-button-front-shorts,Button Front Shorts,,,,girls-bottoms-shorts,true,0,too few products (0): plain
girls-bottoms-shorts-high-rise-skinny-shorts,High Rise Skinny Shorts,,,,girls-bottoms-shorts,true,8,ok
girls-bottoms-shorts-biker-shorts,Biker Shorts,,,,girls-bottoms-shorts,true,3,ok
girls-bottoms-shorts-mom-shorts,Mom Shorts,,,,girls-bottoms-shorts,true,6,ok
girls-bottoms-shorts-soft-shorts,Soft Shorts,,,,girls-bottoms-shorts,true,3,ok
girls-bottoms-shorts-vintage-cutoff-shorts,Vintage Cutoff Shorts,,,,girls-bottoms-shorts,true,0,too few products (0): plain
girls-jeans-shortalls,Shortalls,,,,girls-bottoms-shorts,true,24,ok
girls-bottoms-shorts,Shorts,,,,girls-bottoms,false,,
girls-bottoms-skirts > girls-bottoms-skirts,View All,,,,girls-bottoms-skirts,true,0,too few products (0): plain
girls-bottoms-skirts-black-skirts,Black Skirts,,,,girls-bottoms-skirts,true,77,ok
girls-bottoms-skirts-maxi-skirts,Maxi Skirts,,,,girls-bottoms-skirts,true,22,ok
girls-bottoms-skirts-midi-skirts,Midi Skirts,,,,girls-bottoms-skirts,true,47,ok
girls-bottoms-skirts-mini-skirts,Mini Skirts,,,,girls-bottoms-skirts,true,323,ok
girls-bottoms-skirts-suspender-skirts,Suspender Skirts,,,,girls-bottoms-skirts,true,10,ok
girls-bottoms-skirts,Skirts,,,,girls-bottoms,false,,
girls-jeans-overalls,Overalls,,,,girls-bottoms,true,4,ok
girls-bottoms-trousers,Trousers,,,,girls-bottoms,true,9,ok
girls-bottoms-wide-leg,Wide Leg,,,,girls-bottoms,true,160,ok
girls-bottoms,Bottoms,,,,girls,false,,
girls-dresses > girls-dresses,View All,,,,girls-dresses,true,0,too few products (0): plain
girls-dresses-black-dresses,Black Dresses,,,,girls-dresses,true,170,ok
girls-dresses-fashion-dresses,Fashion Dresses,,,,girls-dresses,true,610,ok
girls-dresses-pop-culture-dresses,Pop Culture Dresses,,,,girls-dresses,true,59,ok
girls-dresses-mini-dresses,Mini Dresses,,,,girls-dresses,true,26,ok
girls-dresses-rompers,Rompers,,,,girls-dresses,true,14,ok
girls-dresses-midi-dresses,Midi Dresses,,,,girls-dresses,true,7,ok
girls-dresses-maxi-dresses,Maxi Dresses,,,,girls-dresses,true,4,ok
girls-dresses,Dresses,,,,girls,false,,
girls-hoodies-sweaters > girls-hoodies-sweaters,View All,,,,girls-hoodies-sweaters,true,0,too few products (0): plain
girls-hoodies-sweaters-cardigans,Cardigans,,,,girls-hoodies-sweaters,true,149,ok
girls-hoodies-sweaters-cowlneck,Cowlneck,,,,girls-hoodies-sweaters,true,186,ok
girls-hoodies-sweaters-hoodies,Hoodies,,,,girls-hoodies-sweaters,true,16173,ok
girls-hoodies-sweaters-pullovers-sweaters,Pullovers & Sweaters,,,,girls-hoodies-sweaters,true,19135,ok
girls-hoodies-sweaters-pullovers-sweaters-sweater-vests,Sweater Vests,,,,girls-hoodies-sweaters,true,7,ok
girls-hoodies-sweaters,Hoodies And Sweaters,,,,girls,false,,
girls-jeans > girls-jeans,View All,,,,girls-jeans,true,0,too few products (0): plain
girls-jeans-cargos,Cargos,,,,girls-jeans,true,19,ok
girls-jeans-skinny-jeans,Skinny Jeans,,,,girls-jeans,true,6,ok
girls-jeans-carpenter-jeans,Carpenter Jeans,,,,girls-jeans,true,33,ok
girls-jeans-straight-leg-jeans,Straight Leg Jeans,,,,girls-jeans,true,222,ok
girls-jeans-flare-jeans,Flare Jeans,,,,girls-jeans,true,128,ok
girls-jeans-mom-jeans,Mom Jeans,,,,girls-jeans,true,9,ok
girls-jeans-black-jeans,Black Jeans,,,,girls-jeans,true,51,ok
girls-jeans,Jeans,,,,girls,false,,
girls-lounge > girls-lounge,View All,,,,girls-lounge,true,0,too few products (0): plain
girls-lounge-bottoms,Bottoms,,,,girls-lounge,true,0,too few products (0): plain
girls-lounge-tops,Tops,,,,girls-lounge,true,0,too few products (0): plain
girls-lounge,Loungewear,,,,girls,false,,
girls-outerwear > girls-outerwear,View All,,,,girls-outerwear,true,0,too few products (0): plain
girls-outerwear-jackets,Jackets,,,,girls-outerwear,true,57,ok
girls-outerwear-vests,Vests,,,,girls-outerwear,true,23,ok
girls-outerwear,Outerwear,,,,girls,false,,
girls-leisure-and-active > girls-leisure-and-active,View All,,,,girls-leisure-and-active,true,0,too few products (0): plain
girls-lingerie > girls-lingerie,View All,,,,girls-lingerie,true,0,too few products (0): plain
girls-lingerie-bras-bandeaus,Bras and Bandeaus,,,,girls-lingerie,true,0,too few products (0): plain
girls-lingerie-panties,Panties,,,,girls-lingerie,true,0,too few products (0): plain
girls-lingerie,Lingerie,,,,girls-leisure-and-active,false,,
girls-leisure-and-active-cozy-socks,Cozy Socks,,,,girls-leisure-and-active,true,0,too few products (0): plain
girls-leisure-and-active-slippers,Slippers,,,,girls-leisure-and-active,true,0,too few products (0): plain
girls-leisure-and-active,Leisure And Active,,,,girls,false,,
girls-pajamas,Pajamas,,,,girls,true,375,ok
girls-shoes > girls-shoes,View All,,,,girls-shoes,true,0,too few products (0): plain
girls-shoes-booties,Booties,,,,girls-shoes,true,38,ok
girls-shoes-boots,Boots,,,,girls-shoes,true,35,ok
girls-shoes-creepers,Creepers,,,,girls-shoes,true,0,too few products (0): plain
girls-shoes-flats,Flats,,,,girls-shoes,true,28,ok
girls-shoes-heels-wedges,Heels and Wedges,,,,girls-shoes,true,25,ok
girls-shoes-platform,Platform,,,,girls-shoes,true,4,ok
girls-shoes-sneakers,Sneakers,,,,girls-shoes,true,9,ok
girls-shoes,Shoes,,,,girls,false,,
girls-socks-tights > girls-socks-tights,View All,,,,girls-socks-tights,true,0,too few products (0): plain
girls-socks-tights-socks,Socks,,,,girls-socks-tights,true,0,too few products (0): plain
girls-socks-tights-thigh-highs,Thigh Highs,,,,girls-socks-tights,true,0,too few products (0): plain
girls-socks-tights-tights,Tights,,,,girls-socks-tights,true,242,ok
girls-socks-tights,Socks And Tights,,,,girls,false,,
girls-swim > girls-swim,View All,,,,girls-swim,true,0,too few products (0): plain
girls-swim-tops,Tops,,,,girls-swim,true,175,ok
girls-swim-bottoms,Bottoms,,,,girls-swim,true,273,ok
girls-swim-cover-ups,Cover-Ups,,,,girls-swim,true,21,ok
girls-swim-one-pieces,One-Pieces,,,,girls-swim,true,26,ok
girls-swim,Swim,,,,girls,false,,
girls,Girls,,,,,false,,
plus-sizes > plus-sizes,View All,,,,plus-sizes,true,0,too few products (0): plain
plus-sizes-tops > plus-sizes-tops,View All,,,,plus-sizes-tops,true,0,too few products (0): plain
plus-sizes-tops-bodysuits,Bodysuits,,,,plus-sizes-tops,true,3,ok
plus-sizes-button-up-tops,Button Up Tops,,,,plus-sizes-tops,true,16,ok
plus-sizes-fashion-tops-cold-shoulder,Cold Shoulder Tops,,,,plus-sizes-tops,true,9,ok
plus-sizes-fashion-tops-crop-tops,Crop Tops,,,,plus-sizes-tops,true,25,ok
plus-sizes-fashion-tops-kimonos,Kimonos,,,,plus-sizes-tops,true,9,ok
plus-sizes-long-sleeve-tops,Long Sleeves,,,,plus-sizes-tops,true,19,ok
plus-sizes-tanks,Tank Tops,,,,plus-sizes-tops,true,85,ok
plus-sizes-tees > plus-sizes-tees,View All,,,,plus-sizes-tees,true,0,too few products (0): plain
plus-tops-tees-music-tees,Music Tees,,,,plus-sizes-tees,true,0,too few products (0): plain
plus-tops-tees-pop-culture-tees,Pop Culture Tees,,,,plus-sizes-tees,true,3544,ok
plus-sizes-tees,Tees,,,,plus-sizes-tops,false,,
plus-sizes-tops,Tops,,,,plus-sizes,false,,
plus-sizes-bottoms > plus-sizes-bottoms,View All,,,,plus-sizes-bottoms,true,0,too few products (0): plain
plus-sizes-bottoms-joggers,Joggers,,,,plus-sizes-bottoms,true,3,ok
plus-sizes-bottoms-leggings,Leggings,,,,plus-sizes-bottoms,true,5,ok
plus-sizes-bottoms-overalls,Overalls,,,,plus-sizes-bottoms,true,3,ok
plus-sizes-bottoms-shorts > plus-sizes-bottoms-shorts,View All,,,,plus-sizes-bottoms-shorts,true,0,too few products (0): plain
plus-sizes-bottoms-shorts-shortalls,Shortalls,,,,plus-sizes-bottoms-shorts,true,10,ok
plus-sizes-bottoms-shorts-high-rise-shorts,High Rise Shorts,,,,plus-sizes-bottoms-shorts,true,5,ok
plus-sizes-bottoms-shorts-biker-shorts,Biker Shorts,,,,plus-sizes-bottoms-shorts,true,0,too few products (0): plain
plus-sizes-bottoms-shorts,Shorts,,,,plus-sizes-bottoms,false,,
plus-sizes-bottoms-skirts > plus-sizes-bottoms-skirts,View All,,,,plus-sizes-bottoms-skirts,true,0,too few products (0): plain
plus-sizes-bottoms-skirts-black-skirts,Black Skirts,,,,plus-sizes-bottoms-skirts,true,38,ok
plus-sizes-bottoms-skirts-maxi-skirts,Maxi Skirts,,,,plus-sizes-bottoms-skirts,true,13,ok
plus-sizes-bottoms-skirts-midi-skirts,Midi Skirts,,,,plus-sizes-bottoms-skirts,true,22,ok
plus-sizes-bottoms-skirts-mini-skirts,Mini Skirts,,,,plus-sizes-bottoms-skirts,true,157,ok
plus-sizes-bottoms-skirts-suspender-skirts,Suspender Skirts,,,,plus-sizes-bottoms-skirts,true,6,ok
plus-sizes-bottoms-skirts,Skirts,,,,plus-sizes-bottoms,false,,
plus-bottoms-wide-leg,Wide Leg,,,,plus-sizes-bottoms,true,71,ok
plus-sizes-bottoms,Bottoms,,,,plus-sizes,false,,
plus-sizes-cosplay,Cosplay,,,,plus-sizes,true,13,ok
plus-sizes-dresses > plus-sizes-dresses,View All,,,,plus-sizes-dresses,true,0,too few products (0): plain
plus-sizes-dresses-black-dresses,Black Dresses,,,,plus-sizes-dresses,true,68,ok
plus-sizes-dresses-fashion-dresses,Fashion Dresses,,,,plus-sizes-dresses,true,240,ok
plus-sizes-dresses-pop-culture-dresses,Pop Culture Dresses,,,,plus-sizes-dresses,true,26,ok
plus-dresses-mini-dresses,Mini Dresses,,,,plus-sizes-dresses,true,6,ok
plus-dresses-midi-dresses,Midi Dresses,,,,plus-sizes-dresses,true,3,ok
plus-sizes-dresses,Dresses,,,,plus-sizes,false,,
plus-sizes-hoodies-sweaters > plus-sizes-hoodies-sweaters,View All,,,,plus-sizes-hoodies-sweaters,true,0,too few products (0): plain
plus-sizes-hoodies-sweaters-cardigans,Cardigans,,,,plus-sizes-hoodies-sweaters,true,68,ok
plus-sizes-hoodies-sweaters-hoodies,Hoodies,,,,plus-sizes-hoodies-sweaters,true,97,ok
plus-sizes-hoodies-sweaters-pullovers-sweaters,Pullovers & Sweaters,,,,plus-sizes-hoodies-sweaters,true,63,ok
plus-sizes-hoodies-sweaters-pullovers-sweaters-sweater-vests,Sweater Vests,,,,plus-sizes-hoodies-sweaters,true,2,ok
plus-sizes-hoodies-sweaters,Hoodies And Sweaters,,,,plus-sizes,false,,
plus-sizes-jeans > plus-sizes-jeans,View All,,,,plus-sizes-jeans,true,0,too few products (0): plain
plus-sizes-jeans-carpenter-jeans,Carpenter Jeans,,,,plus-sizes-jeans,true,14,ok
plus-sizes-jeans-mom-jeans,Mom Jeans,,,,plus-sizes-jeans,true,9,ok
plus-sizes-jeans-black-jeans,Black Jeans,,,,plus-sizes-jeans,true,26,ok
plus-sizes-jeans,Jeans,,,,plus-sizes,false,,
plus-sizes-leisure-and-active-lounge,Loungewear,,,,plus-sizes,true,141,ok
plus-sizes-outerwear,Outerwear,,,,plus-sizes,true,8,ok
plus-sizes-leisure-and-active > plus-sizes-leisure-and-active,View All,,,,plus-sizes-leisure-and-active,true,0,too few products (0): plain
plus-sizes-leisure-and-active-pajamas,Pajamas,,,,plus-sizes-leisure-and-active,true,0,too few products (0): plain
plus-sizes-leisure-and-active,Leisure And Active,,,,plus-sizes,false,,
plus-sizes-pajamas,Pajamas,,,,plus-sizes,true,69,ok
plus-sizes-swim > plus-sizes-swim,View All,,,,plus-sizes-swim,true,0,too few products (0): plain
plus-sizes-swim-tops,Tops,,,,plus-sizes-swim,true,12,ok
plus-sizes-swim-bottoms,Bottoms,,,,plus-sizes-swim,true,20,ok
plus-sizes-swim,Swim,,,,plus-sizes,false,,
plus-sizes-tights,Tights,,,,plus-sizes,true,14,ok
plus-sizes-fit-guide,Plus Size Fit Guide,,,,plus-sizes,true,0,too few products (0): plain
plus-sizes,Plus,,,,,false,,
guys > guys,View All,,,,guys,true,0,too few products (0): plain
guys-new-arrivals,New Arrivals,,,,guys,true,1539,ok
guys-tops > guys-tops,View All,,,,guys-tops,true,0,too few products (0): plain
guys-tops-long-sleeves,Long Sleeves,,,,guys-tops,true,4951,ok
guys-tops-shirts,Button Up Shirts,,,,guys-tops,true,205,ok
guys-tanks,Tank Tops,,,,guys-tops,true,4488,ok
guys-tees > guys-tees,View All,,,,guys-tees,true,0,too few products (0): plain
guys-tees-anime-tees,Anime Tees,,,,guys-tees,true,2135,ok
guys-tees-cartoon-tees,Cartoon Tees,,,,guys-tees,true,7627,ok
guys-tees-gamer-tees,Gamer Tees,,,,guys-tees,true,3597,ok
guys-tees-movie-tees,Movie Tees,,,,guys-tees,true,1661,ok
guys-tees-music-tees > guys-tees-music-tees,View All,,,,guys-tees-music-tees,true,0,too few products (0): plain
guys-tees-music-tees-alternative,Alternative Rock,,,,guys-tees-music-tees,true,158,ok
guys-tees-music-tees-classic-rock,Classic Rock,,,,guys-tees-music-tees,true,111,ok
guys-tees-music-tees-hip-hop,Hip Hop,,,,guys-tees-music-tees,true,166,ok
guys-tees-music-tees-indie,Indie,,,,guys-tees-music-tees,true,46,ok
guys-tees-music-tees-kpop,K-Pop,,,,guys-tees-music-tees,true,3,ok
guys-tees-music-tees-metal,Metal,,,,guys-tees-music-tees,true,773,ok
guys-tees-music-tees-pop,Pop,,,,guys-tees-music-tees,true,159,ok
guys-tees-music-tees-pop-punk,Pop Punk,,,,guys-tees-music-tees,true,133,ok
guys-tees-music-tees-punk,Punk,,,,guys-tees-music-tees,true,139,ok
guys-tees-music-tees-screamo,Screamo,,,,guys-tees-music-tees,true,157,ok
guys-tees-music-tees,Music Tees,,,,guys-tees,false,,
guys-tees-pop-culture-tees,Pop Culture Tees,,,,guys-tees,true,68262,ok
guys-tees-superhero-tees,Superhero Tees,,,,guys-tees,true,1083,ok
guys-tees-tv-tees,TV Tees,,,,guys-tees,true,112,ok
guys-tees,Tees,,,,guys-tops,false,,
guys-tops-flannels,Flannels,,,,guys-tops,true,0,too few products (0): plain
guys-tops,Tops,,,,guys,false,,
guys-bottoms > guys-bottoms,View All,,,,guys-bottoms,true,0,too few products (0): plain
guys-bottoms-cargos,Cargos,,,,guys-bottoms,true,2,ok
guys-bottoms-joggers,Joggers,,,,guys-bottoms,true,18,ok
guys-bottoms-shorts,Shorts,,,,guys-bottoms,true,20,ok
guys-bottoms,Bottoms,,,,guys,false,,
guys-big-tall,Big & Tall,,,,guys,true,5560,ok
guys-hoodies-sweaters > guys-hoodies-sweaters,View All,,,,guys-hoodies-sweaters,true,0,too few products (0): plain
guys-hoodies-sweaters-crewnecks-sweaters,Crewnecks And Sweaters,,,,guys-hoodies-sweaters,true,14971,ok
guys-hoodies-sweaters-hoodies,Hoodies,,,,guys-hoodies-sweaters,true,15995,ok
guys-hoodies-sweaters,Hoodies And Sweaters,,,,guys,false,,
guys-jeans > guys-jeans,View All,,,,guys-jeans,true,0,too few products (0): plain
guys-jeans-cargos,Cargos,,,,guys-jeans,true,0,too few products (0): plain
guys-jeans-stinger-jeans,Stinger Jeans,,,,guys-jeans,true,4,ok
guys-jeans-wide-leg-jeans,Wide Leg Jeans,,,,guys-jeans,true,6,ok
guys-jeans-black-jeans,Black Jeans,,,,guys-jeans,true,12,ok
guys-jeans,Jeans,,,,guys,false,,
guys-loungewear,Loungewear,,,,guys,true,66,ok
guys-outerwear > guys-outerwear,View All,,,,guys-outerwear,true,0,too few products (0): plain
guys-outerwear-jackets,Jackets,,,,guys-outerwear,true,0,too few products (0): plain
guys-outerwear-vests,Vests,,,,guys-outerwear,true,0,too few products (0): plain
guys-outerwear,Outerwear,,,,guys,false,,
guys-pajamas,Pajamas,,,,guys,true,135,ok
guys-shoes > guys-shoes,View All,,,,guys-shoes,true,0,too few products (0): plain
guys-shoes-creepers,Creepers,,,,guys-shoes,true,0,too few products (0): plain
guys-shoes-sneakers,Sneakers,,,,guys-shoes,true,0,too few products (0): plain
guys-shoes,Shoes,,,,guys,false,,
guys-socks,Socks,,,,guys,true,0,too few products (0): plain
guys-swim,Swim,,,,guys,true,10,ok
guys-underwear,Underwear,,,,guys,true,17,ok
guys,Guys,,,,,false,,
tees > tees,View All,,,,tees,true,0,too few products (0): plain
tees-new-arrivals,New Arrivals,,,,tees,true,1795,ok
tees-music-tees > tees-music-tees,View All,,,,tees-music-tees,true,0,too few products (0): plain
tees-music-tees-alternative-rock-tees,Alternative Rock Tees,,,,tees-music-tees,true,227,ok
tees-music-tees-classic-rock-tees,Classic Rock Tees,,,,tees-music-tees,true,137,ok
tees-music-tees-hip-hop-tees,Hip-Hop Tees,,,,tees-music-tees,true,267,ok
tees-music-tees-indie-tees,Indie Tees,,,,tees-music-tees,true,69,ok
tees-music-tees-kpop,K-Pop Tees,,,,tees-music-tees,true,5,ok
tees-music-tees-metal-tees,Metal Tees,,,,tees-music-tees,true,929,ok
tees-music-tees-pop-punk-tees,Pop Punk Tees,,,,tees-music-tees,true,204,ok
tees-music-tees-pop-tees,Pop Tees,,,,tees-music-tees,true,256,ok
tees-music-tees-punk-tees,Punk Tees,,,,tees-music-tees,true,188,ok
tees-music-tees-screamo-tees,Screamo Tees,,,,tees-music-tees,true,230,ok
tees-music-tees,Music Tees,,,,tees,false,,
tees-anime-tees,Anime Tees,,,,tees,true,517,ok
tees-pop-culture-tees,Pop Culture Tees,,,,tees,true,105337,ok
tees-horror-tees,Horror Tees,,,,tees,true,28,ok
tees-animal-tees,Animal Tees,,,,tees,true,717,ok
tees-cartoon-tees,Cartoon Tees,,,,tees,true,3837,ok
tees-disney-tees,Disney Tees,,,,tees,true,8348,ok
tees-food-tees,Food Tees,,,,tees,true,60,ok
tees-funny-tees,Funny Tees,,,,tees,true,947,ok
tees-gamer-tees,Gamer Tees,,,,tees,true,2002,ok
tees-matching-tees,Matching Tees,,,,tees,true,525,ok
tees-movie-tees,Movie Tees,,,,tees,true,4526,ok
tees-tv-tees,TV Tees,,,,tees,true,235,ok
tees,Tees,,,,,false,,
accessories > accessories,View All,,,,accessories,true,0,too few products (0): plain
accessories-new-arrivals,New Arrivals,,,,accessories,true,2649,ok
accessories-beauty > accessories-beauty,View All,,,,accessories-beauty,true,0,too few products (0): plain
accessories-beauty-bath-body,Bath And Body,,,,accessories-beauty,true,6,ok
accessories-beauty-beauty-accessories,Beauty Accessories,,,,accessories-beauty,true,84,ok
accessories-beauty-eyes,Eyes,,,,accessories-beauty,true,8,ok
accessories-beauty-face,Face,,,,accessories-beauty,true,5,ok
accessories-beauty-lips,Lips,,,,accessories-beauty,true,43,ok
accessories-beauty-nails,Nails,,,,accessories-beauty,true,81,ok
accessories-beauty,Beauty,,,,accessories,false,,
accessories-belts-buckles,Belts,,,,accessories,true,1854,ok
accessories-body-jewelry > accessories-body-jewelry,View All,,,,accessories-body-jewelry,true,0,too few products (0): plain
accessories-body-jewelry-aftercare,Aftercare,,,,accessories-body-jewelry,true,2,ok
accessories-body-jewelry-kaos,Kaos,,,,accessories-body-jewelry,true,0,too few products (0): plain
accessories-body-jewelry-barbells,Barbells,,,,accessories-body-jewelry,true,100,ok
accessories-body-jewelry-captive-hoops,Captive Hoops,,,,accessories-body-jewelry,true,50,ok
accessories-body-jewelry-cartilage-jewelry,Cartilage Jewelry,,,,accessories-body-jewelry,true,52,ok
accessories-body-jewelry-circular-horseshoes,Circular Horseshoes,,,,accessories-body-jewelry,true,78,ok
accessories-body-jewelry-labrets-monroes,Labrets and Monroes,,,,accessories-body-jewelry,true,18,ok
accessories-body-jewelry-navel-jewelry,Navel Jewelry,,,,accessories-body-jewelry,true,255,ok
accessories-body-jewelry-nipple-jewelry,Nipple Jewelry,,,,accessories-body-jewelry,true,32,ok
accessories-body-jewelry-nose-jewelry,Nose Jewelry,,,,accessories-body-jewelry,true,110,ok
accessories-body-jewelry-plugs,Plugs,,,,accessories-body-jewelry,true,78,ok
accessories-body-jewelry-septum-jewelry,Septum Jewelry,,,,accessories-body-jewelry,true,62,ok
accessories-body-jewelry-tapers,Tapers,,,,accessories-body-jewelry,true,11,ok
accessories-body-jewelry,Body Jewelry,,,,accessories,false,,
accessories-enamel-pins,Enamel Pins,,,,accessories,true,391,ok
accessories-face-masks > accessories-face-masks,View All,,,,accessories-face-masks,true,0,too few products (0): plain
accessories-face-masks-anime,Anime,,,,accessories-face-masks,true,0,too few products (0): plain
accessories-face-masks-disney,Disney,,,,accessories-face-masks,true,0,too few products (0): plain
accessories-face-masks-licensed,Licensed,,,,accessories-face-masks,true,0,too few products (0): plain
accessories-face-masks,Face Masks,,,,accessories,false,,
accessories-gloves,Gloves,,,,accessories,true,165,ok
accessories-guitar-straps,Guitar Straps,,,,accessories,true,361,ok
accessories-beauty-hair > accessories-beauty-hair,View All,,,,accessories-beauty-hair,true,0,too few products (0): plain
accessories-beauty-hair-color > accessories-beauty-hair-color,View All,,,,accessories-beauty-hair-color,true,0,too few products (0): plain
accessories-beauty-hair-color-arctic-fox,Arctic Fox,,,,accessories-beauty-hair-color,true,5,ok
accessories-beauty-hair-color,Hair Color,,,,accessories-beauty-hair,false,,
accessories-beauty-hair-hair-accessories > accessories-beauty-hair-hair-accessories,View All,,,,accessories-beauty-hair-hair-accessories,true,0,too few products (0): plain
accessories-hair-hair-accessories-bonnets,Bonnets,,,,accessories-beauty-hair-hair-accessories,true,90,ok
accessories-hair-hair-accessories-hair-bows,Hair Bows,,,,accessories-beauty-hair-hair-accessories,true,57,ok
accessories-hair-hair-accessories-hair-clips,Hair Clips,,,,accessories-beauty-hair-hair-accessories,true,462,ok
accessories-hair-hair-accessories-hair-scarves,Hair Scarves,,,,accessories-beauty-hair-hair-accessories,true,46,ok
accessories-hair-hair-accessories-scrunchies-hair-ties,Scrunchies & Hair Ties,,,,accessories-beauty-hair-hair-accessories,true,34,ok
accessories-beauty-hair-hair-accessories,Hair Accessories,,,,accessories-beauty-hair,false,,
accessories-beauty-hair,Hair,,,,accessories,false,,
accessories-hats > accessories-hats,View All,,,,accessories-hats,true,0,too few products (0): plain
accessories-hats-ballcaps,Ballcaps,,,,accessories-hats,true,167,ok
accessories-hats-beanies,Beanies,,,,accessories-hats,true,135,ok
accessories-hats-berets,Berets,,,,accessories-hats,true,2,ok
accessories-hats-bucket-hats,Bucket Hats,,,,accessories-hats,true,20,ok
accessories-hats-dad-caps,Dad Caps,,,,accessories-hats,true,582,ok
accessories-hats-snapbacks,Snapbacks,,,,accessories-hats,true,90,ok
accessories-hats-sun-hats,Sun Hats,,,,accessories-hats,true,6,ok
accessories-hats,Hats,,,,accessories,false,,
accessories-jewelry > accessories-jewelry,View All,,,,accessories-jewelry,true,0,too few products (0): plain
accessories-jewelry-cufflinks,Cufflinks,,,,accessories-jewelry,true,424,ok
accessories-jewelry-disney-jewelry,Disney Jewelry,,,,accessories-jewelry,true,105,ok
accessories-jewelry-hair-sticks,Hair Sticks,,,,accessories-jewelry,true,0,too few products (0): plain
accessories-jewelry-necklaces-chokers,Chokers,,,,accessories-jewelry,true,90,ok
accessories-jewelry-pop-culture-jewelry,Pop Culture Jewelry,,,,accessories-jewelry,true,1001,ok
accessories-jewelry-rings,Rings,,,,accessories-jewelry,true,258,ok
accessories-jewelry-watches,Watches,,,,accessories-jewelry,true,75,ok
accessories-jewelry-body-chains,Body Chains,,,,accessories-jewelry,true,8,ok
accessories-jewelry-bracelets,Bracelets,,,,accessories-jewelry,true,541,ok
accessories-jewelry-earrings,Earrings,,,,accessories-jewelry,true,914,ok
accessories-jewelry-fashion-jewelry,Fashion Jewelry,,,,accessories-jewelry,true,956,ok
accessories-jewelry-necklaces,Necklaces,,,,accessories-jewelry,true,971,ok
accessories-jewelry,Jewelry,,,,accessories,false,,
accessories-key-chains-key-caps,Key Chains And Key Caps,,,,accessories,true,418,ok
accessories-lanyards,Lanyards,,,,accessories,true,20,ok
accessories-patches,Patches,,,,accessories,true,9,ok
accessories-pins,Pins,,,,accessories,true,906,ok
accessories-scarves-bandanas,Scarves,,,,accessories,true,0,too few products (0): plain
accessories-shoes > accessories-shoes,View All,,,,accessories-shoes,true,0,too few products (0): plain
accessories-shoes-boots,Boots,,,,accessories-shoes,true,110,ok
accessories-shoes-creepers,Creepers,,,,accessories-shoes,true,0,too few products (0): plain
accessories-shoes-fashion-shoes,Fashion Shoes,,,,accessories-shoes,true,87,ok
accessories-shoes-flats,Flats,,,,accessories-shoes,true,28,ok
accessories-shoes-heels-wedges,Heels And Wedges,,,,accessories-shoes,true,41,ok
accessories-shoes-platforms,Platforms,,,,accessories-shoes,true,41,ok
accessories-shoes-pop-culture-shoes,Pop Culture Shoes,,,,accessories-shoes,true,27,ok
accessories-shoes-sandals,Sandals,,,,accessories-shoes,true,44,ok
accessories-shoes-slippers,Slippers,,,,accessories-shoes,true,31,ok
accessories-shoes-sneakers,Sneakers,,,,accessories-shoes,true,51,ok
accessories-shoes,Shoes,,,,accessories,false,,
accessories-socks > accessories-socks,View All,,,,accessories-socks,true,0,too few products (0): plain
girls-socks-tights-socks-active-socks,Ankle Socks,,,,accessories-socks,true,36,ok
girls-socks-tights-socks-cozy-socks,Cozy Socks,,,,accessories-socks,true,16,ok
girls-socks-tights-socks-crew-socks,Crew Socks,,,,accessories-socks,true,307,ok
girls-socks-tights-socks-knee-high-socks,Knee High Socks,,,,accessories-socks,true,85,ok
girls-socks-tights-socks-leg-warmers,Leg Warmers,,,,accessories-socks,true,74,ok
girls-socks-tights-socks-no-show-socks,No Show Socks,,,,accessories-socks,true,0,too few products (0): plain
girls-socks-tights-socks-sock-packs,Sock Packs,,,,accessories-socks,true,247,ok
accessories-socks,Socks,,,,accessories,false,,
accessories-stickers,Stickers,,,,accessories,true,625,ok
accessories-sunglasses-eyewear,Sunglasses And Eyewear,,,,accessories,true,76,ok
accessories-suspenders,Suspenders,,,,accessories,true,24,ok
accessories-tech-accessories > accessories-tech-accessories,View All,,,,accessories-tech-accessories,true,0,too few products (0): plain
accessories-tech-accessories-chargers,Chargers,,,,accessories-tech-accessories,true,16,ok
accessories-tech-accessories-headphones-earbuds,Headphones And Earbuds,,,,accessories-tech-accessories,true,10,ok
accessories-tech-accessories-phone-cases,Phone Cases,,,,accessories-tech-accessories,true,229,ok
accessories-tech-accessories-popsockets,PopSockets,,,,accessories-tech-accessories,true,5,ok
accessories-tech-accessories-speakers,Speakers,,,,accessories-tech-accessories,true,0,too few products (0): plain
accessories-tech-accessories,Tech Accessories,,,,accessories,false,,
accessories-ties,Ties,,,,accessories,true,378,ok
accessories-umbrellas,Umbrellas,,,,accessories,true,40,ok
accessories-bags > accessories-bags,View All,,,,accessories-bags,true,0,too few products (0): plain
accessories-backpacks,Backpacks,,,,accessories-bags,true,0,too few products (0): plain
accessories-bags-mini-backpacks,Mini Backpacks,,,,accessories-bags,true,0,too few products (0): plain
accessories-crossbody-bags,Crossbody Bags,,,,accessories-bags,true,0,too few products (0): plain
accessories-bags-totes-fanny-packs,Fanny Packs,,,,accessories-bags,true,0,too few products (0): plain
accessories-backpacks-lunchboxes,Lunchboxes,,,,accessories-bags,true,0,too few products (0): plain
accessories-bags-makeup-bags,Makeup Bags,,,,accessories-bags,true,0,too few products (0): plain
accessories-bags-totes-totes,Totes,,,,accessories-bags,true,0,too few products (0): plain
accessories-bags-totes-disney-bags,Disney Bags,,,,accessories-bags,true,0,too few products (0): plain
accessories-bags-cooler-bags,Cooler Bags,,,,accessories-bags,true,0,too few products (0): plain
accessories-wallets > accessories-wallets,View All,,,,accessories-wallets,true,0,too few products (0): plain
accessories-wallets-bi-fold-wallets,Bi-Fold Wallets,,,,accessories-wallets,true,0,too few products (0): plain
accessories-wallets-card-holders,Card Holders,,,,accessories-wallets,true,0,too few products (0): plain
accessories-wallets-coin-purses,Coin Purses,,,,accessories-wallets,true,0,too few products (0): plain
accessories-wallets-flap-wallets,Flap Wallets,,,,accessories-wallets,true,0,too few products (0): plain
accessories-wallets-hinged-wallets,Hinged Wallets,,,,accessories-wallets,true,0,too few products (0): plain
accessories-wallets-wallet-chains,Wallet Chains,,,,accessories-wallets,true,0,too few products (0): plain
accessories-wallets,Wallets,,,,accessories-bags,false,,
accessories-bags,Bags,,,,accessories,false,,
accessories-collectibles > accessories-collectibles,View All,,,,accessories-collectibles,true,0,too few products (0): plain
accessories-home-figurines,Figurines,,,,accessories-collectibles,true,0,too few products (0): plain
accessories-collectibles-figpin,FiGPiN,,,,accessories-collectibles,true,0,too few products (0): plain
pop-culture-collectibles-model-kits,Model Kits,,,,accessories-collectibles,true,0,too few products (0): plain
pop-culture-collectibles-prop-replicas,Prop Replicas,,,,accessories-collectibles,true,0,too few products (0): plain
accessories-collectibles,Collectibles,,,,accessories,false,,
accessories,Accessories,,,,,false,,
home > home,View All,,,,home,true,0,too few products (0): plain
home-new-arrivals,New Arrivals,,,,home,true,1121,ok
accessories-home-auto > accessories-home-auto,View All,,,,accessories-home-auto,true,0,too few products (0): plain
home-auto-air-fresheners,Air Fresheners,,,,accessories-home-auto,true,39,ok
home-auto-sun-shades,Sun Shades,,,,accessories-home-auto,true,12,ok
accessories-home-auto,Auto,,,,home,false,,
home-beach-towels,Beach Towels,,,,home,true,387,ok
accessories-home-bedroom > accessories-home-bedroom,View All,,,,accessories-home-bedroom,true,0,too few products (0): plain
accessories-home-bedroom-bedding,Bedding,,,,accessories-home-bedroom,true,657,ok
accessories-home-bedroom-pillowcases,Pillowcases,,,,accessories-home-bedroom,true,0,too few products (0): plain
home-bedroom-pillowcases,Pillows And Pillowcases,,,,accessories-home-bedroom,true,610,ok
accessories-home-bedroom-throws-blankets,Throws And Blankets,,,,accessories-home-bedroom,true,2516,ok
accessories-home-bedroom,Bedroom,,,,home,false,,
accessories-home-books > accessories-home-books,View All,,,,accessories-home-books,true,0,too few products (0): plain
accessories-home-books-manga,Manga,,,,accessories-home-books,true,6,ok
accessories-home-books,Books,,,,home,false,,
accessories-candy,Candy & Snacks,,,,home,true,20,ok
accessories-home-bedroom-decor > accessories-home-bedroom-decor,View All,,,,accessories-home-bedroom-decor,true,0,too few products (0): plain
accessories-wall-art > accessories-wall-art,View All,,,,accessories-wall-art,true,0,too few products (0): plain
accessories-wall-art-banners,Banners,,,,accessories-wall-art,true,0,too few products (0): plain
accessories-wall-art-wood-canvas-art,Wood And Canvas Art,,,,accessories-wall-art,true,0,too few products (0): plain
accessories-wall-art-posters,Posters,,,,accessories-wall-art,true,758,ok
home-home-decor-art-wall-decals,Wall Decals,,,,accessories-wall-art,true,13,ok
accessories-wall-art-wall-scrolls,Wall Scrolls,,,,accessories-wall-art,true,7,ok
accessories-wall-art,Art,,,,accessories-home-bedroom-decor,false,,
home-home-decor-candles,Candles,,,,accessories-home-bedroom-decor,true,6,ok
accessories-home-coin-banks,Coin Banks,,,,accessories-home-bedroom-decor,true,25,ok
accessories-home-lights,Lights,,,,accessories-home-bedroom-decor,true,134,ok
home-home-decor-magnets,Magnets,,,,accessories-home-bedroom-decor,true,84,ok
home-home-decor-rugs,Rugs,,,,accessories-home-bedroom-decor,true,25,ok
accessories-home-snow-globes,Snow Globes,,,,accessories-home-bedroom-decor,true,26,ok
accessories-home-bedroom-decor,Home Décor,,,,home,false,,
accessories-home-kitchen > accessories-home-kitchen,View All,,,,accessories-home-kitchen,true,0,too few products (0): plain
home-kitchen-bowls-and-ramen-bowls,Bowls And Ramen Bowls,,,,accessories-home-kitchen,true,10,ok
home-kitchen-chopsticks,Chopsticks,,,,accessories-home-kitchen,true,10,ok
accessories-home-kitchen-cookiejars,Cookie Jars,,,,accessories-home-kitchen,true,12,ok
accessories-home-kitchen-mugs,Mugs,,,,accessories-home-kitchen,true,1245,ok
home-kitchen-kitchen-linens,Kitchen Linens,,,,accessories-home-kitchen,true,29,ok
home-kitchen-salt-and-pepper-shakers,Salt And Pepper Shakers,,,,accessories-home-kitchen,true,18,ok
home-kitchen-serveware,Serveware,,,,accessories-home-kitchen,true,326,ok
home-kitchen-travel-mugs-and-tumblers,Travel Mugs And Tumblers,,,,accessories-home-kitchen,true,246,ok
accessories-home-kitchen-water-bottles-tumblers,Water Bottles,,,,accessories-home-kitchen,true,681,ok
accessories-home-kitchen,Kitchen,,,,home,false,,
home-outdoor-decor > home-outdoor-decor,View All,,,,home-outdoor-decor,true,0,too few products (0): plain
home-doormats,Doormats,,,,home-outdoor-decor,true,15,ok
home-outdoor-decor-lawn-decor-and-inflatables,Lawn Décor And Inflatables,,,,home-outdoor-decor,true,310,ok
home-outdoor-decor-picnic-supplies,Picnic Supplies,,,,home-outdoor-decor,true,1089,ok
home-outdoor-decor-seating-and-tables,Seating And Tables,,,,home-outdoor-decor,true,60,ok
home-outdoor-decor,Outdoor Décor,,,,home,false,,
home-pet-accessories > home-pet-accessories,View All,,,,home-pet-accessories,true,0,too few products (0): plain
home-pet-accessories-collars-and-leashes,Collars And Leashes,,,,home-pet-accessories,true,1108,ok
home-pet-accessories-pet-apparel,Pet Apparel,,,,home-pet-accessories,true,4,ok
home-pet-accessories-toys,Toys,,,,home-pet-accessories,true,4,ok
home-pet-accessories,Pet Accessories,,,,home,false,,
accessories-home-pool-floats,Pool Floats,,,,home,true,80,ok
accessories-home-paper-goods > accessories-home-paper-goods,View All,,,,accessories-home-paper-goods,true,0,too few products (0): plain
home-papergoods-journals,Journals And Notebooks,,,,accessories-home-paper-goods,true,87,ok
home-school-supplies-lanyards,Lanyards,,,,accessories-home-paper-goods,true,0,too few products (0): plain
home-school-supplies-lap-desks,Lap Desks,,,,accessories-home-paper-goods,true,6,ok
home-paper-goods-pens,Pens And Pencils,,,,accessories-home-paper-goods,true,49,ok
home-papergoods-stationery,Stationery,,,,accessories-home-paper-goods,true,759,ok
accessories-home-paper-goods,School Supplies,,,,home,false,,
home,Home,,,,,false,,
band-merch > band-merch,View All,,,,band-merch,true,0,too few products (0): plain
band-merch-new-arrivals,New Arrivals,,,,band-merch,true,1108,ok
band-merch-shop-by-artist > band-merch-shop-by-artist,View All,,,,band-merch-shop-by-artist,true,0,too few products (0): plain
band-merch-shop-by-artist-5-seconds-of-summer,5 Seconds Of Summer,,,,band-merch-shop-by-artist,true,22,ok
band-merch-shop-by-artist-a-day-to-remember,A Day To Remember,,,,band-merch-shop-by-artist,true,4,ok
band-merch-shop-by-artist-a-perfect-circle,A Perfect Circle,,,,band-merch-shop-by-artist,true,5,ok
band-merch-shop-by-artist-aaliyah,Aaliyah,,,,band-merch-shop-by-artist,true,0,too few products (0): plain
band-merch-shop-by-artist-ac-dc,AC/DC,,,,band-merch-shop-by-artist,true,57,ok
band-merch-shop-by-artist-alice-cooper,Alice Cooper,,,,band-merch-shop-by-artist,true,10,ok
band-merch-shop-by-artist-arctic-monkeys,Arctic Monkeys,,,,band-merch-shop-by-artist,true,2,ok
band-merch-shop-by-artist-ariana-grande,Ariana Grande,,,,band-merch-shop-by-artist,true,9,ok
band-merch-shop-by-artist-asking-alexandria,Asking Alexandria,,,,band-merch-shop-by-artist,true,,status 500: plain
band-merch-shop-by-artist-avenged-sevenfold,Avenged Sevenfold,,,,band-merch-shop-by-artist,true,27,ok
band-merch-shop-by-artist-backstreet-boys,Backstreet Boys,,,,band-merch-shop-by-artist,true,54,ok
band-merch-shop-by-artist-bad-omens,Bad Omens,,,,band-merch-shop-by-artist,true,39,ok
band-merch-shop-by-artist-beatles,The Beatles,,,,band-merch-shop-by-artist,true,68,ok
band-merch-shop-by-artist-billie-eilish,Billie Eilish,,,,band-merch-shop-by-artist,true,26,ok
band-merch-shop-by-artist-black-sabbath,Black Sabbath,,,,band-merch-shop-by-artist,true,80,ok
band-merch-shop-by-artist-black-veil-brides,Black Veil Brides,,,,band-merch-shop-by-artist,true,7,ok
band-merch-shop-by-artist-blackpink,Blackpink,,,,band-merch-shop-by-artist,true,9,ok
band-merch-shop-by-artist-blink-182,Blink 182,,,,band-merch-shop-by-artist,true,26,ok
band-merch-shop-by-artist-bob-marley,Bob Marley,,,,band-merch-shop-by-artist,true,30,ok
band-merch-shop-by-artist-bon-jovi,Bon Jovi,,,,band-merch-shop-by-artist,true,5,ok
band-merch-shop-by-artist-bring-me-the-horizon,Bring Me The Horizon,,,,band-merch-shop-by-artist,true,28,ok
band-merch-shop-by-artist-bts,BTS,,,,band-merch-shop-by-artist,true,57,ok
band-merch-shop-by-artist-cher,Cher,,,,band-merch-shop-by-artist,true,4,ok
band-merch-shop-by-artist-david-bowie,David Bowie,,,,band-merch-shop-by-artist,true,48,ok
band-merch-shop-by-artist-death-row-records,Death Row Records,,,,band-merch-shop-by-artist,true,9,ok
band-merch-shop-by-artist-deftones,Deftones,,,,band-merch-shop-by-artist,true,15,ok
band-merch-shop-by-artist-depeche-mode,Depeche Mode,,,,band-merch-shop-by-artist,true,6,ok
band-merch-shop-by-artist-dua-lipa,Dua Lipa,,,,band-merch-shop-by-artist,true,,status 500: plain
band-merch-shop-by-artist-eazy-e,Eazy-E,,,,band-merch-shop-by-artist,true,0,too few products (0): plain
band-merch-shop-by-artist-fall-out-boy,Fall Out Boy,,,,band-merch-shop-by-artist,true,20,ok
band-merch-shop-by-artist-falling-in-reverse,Falling In Reverse,,,,band-merch-shop-by-artist,true,7,ok
band-merch-shop-by-artist-five-finger-death-punch,Five Finger Death Punch,,,,band-merch-shop-by-artist,true,24,ok
band-merch-shop-by-artist-fleetwood-mac,Fleetwood Mac,,,,band-merch-shop-by-artist,true,92,ok
band-merch-shop-by-artist-foo-fighters,Foo Fighters,,,,band-merch-shop-by-artist,true,6,ok
band-merch-shop-by-artist-ghost,Ghost,,,,band-merch-shop-by-artist,true,206,ok
band-merch-shop-by-artist-gorillaz,Gorillaz,,,,band-merch-shop-by-artist,true,28,ok
band-merch-shop-by-artist-grateful-dead,Grateful Dead,,,,band-merch-shop-by-artist,true,146,ok
band-merch-shop-by-artist-green-day,Green Day,,,,band-merch-shop-by-artist,true,30,ok
band-merch-shop-by-artist-guns-and-roses,Guns N' Roses,,,,band-merch-shop-by-artist,true,41,ok
band-merch-shop-by-artist-guns-and-roses-,Guns And Roses,,,,band-merch-shop-by-artist,true,0,too few products (0): plain
band-merch-shop-by-artist-him,HIM,,,,band-merch-shop-by-artist,true,20,ok
band-merch-shop-by-artist-ice-cube,Ice Cube,,,,band-merch-shop-by-artist,true,4,ok
band-merch-shop-by-artist-ice-nine-kills,Ice Nine Kills,,,,band-merch-shop-by-artist,true,8,ok
band-merch-shop-by-artist-in-this-moment,In This Moment,,,,band-merch-shop-by-artist,true,,status 500: plain
band-merch-shop-by-artist-iron-maiden,Iron Maiden,,,,band-merch-shop-by-artist,true,104,ok
band-merch-shop-by-artist-juice-wrld,Juice WRLD,,,,band-merch-shop-by-artist,true,6,ok
band-merch-shop-by-artist-kiss,Kiss,,,,band-merch-shop-by-artist,true,16,ok
band-merch-shop-by-artist-korn,Korn,,,,band-merch-shop-by-artist,true,29,ok
band-merch-shop-by-artist-lady-gaga,Lady Gaga,,,,band-merch-shop-by-artist,true,5,ok
band-merch-shop-by-artist-lamb-of-god,Lamb Of God,,,,band-merch-shop-by-artist,true,22,ok
band-merch-shop-by-artist-lana-del-rey,Lana Del Rey,,,,band-merch-shop-by-artist,true,5,ok
band-merch-shop-by-artist-led-zeppelin,Led Zeppelin,,,,band-merch-shop-by-artist,true,14,ok
band-merch-shop-by-artist-linkin-park,Linkin Park,,,,band-merch-shop-by-artist,true,35,ok
band-merch-shop-by-artist-machine-gun-kelly,Machine Gun Kelly,,,,band-merch-shop-by-artist,true,10,ok
band-merch-shop-by-artist-melanie-martinez,Melanie Martinez,,,,band-merch-shop-by-artist,true,41,ok
band-merch-shop-by-artist-metallica,Metallica,,,,band-merch-shop-by-artist,true,58,ok
band-merch-shop-by-artist-michael-jackson,Michael Jackson,,,,band-merch-shop-by-artist,true,28,ok
band-merch-shop-by-artist-misfits,Misfits,,,,band-merch-shop-by-artist,true,36,ok
band-merch-shop-by-artist-morgan-wallen,Morgan Wallen,,,,band-merch-shop-by-artist,true,,status 500: plain
band-merch-shop-by-artist-motionless-in-white,Motionless In White,,,,band-merch-shop-by-artist,true,27,ok
band-merch-shop-by-artist-motley-crue,Motley Crue,,,,band-merch-shop-by-artist,true,84,ok
band-merch-shop-by-artist-my-chemical-romance,My Chemical Romance,,,,band-merch-shop-by-artist,true,67,ok
band-merch-shop-by-artist-neck-deep,Neck Deep,,,,band-merch-shop-by-artist,true,9,ok
band-merch-shop-by-artist-nicki-minaj,Nicki Minaj,,,,band-merch-shop-by-artist,true,7,ok
band-merch-shop-by-artist-nirvana,Nirvana,,,,band-merch-shop-by-artist,true,50,ok
band-merch-shop-by-artist-notorious-big,Notorious Big,,,,band-merch-shop-by-artist,true,17,ok
band-merch-shop-by-artist-olivia-rodrigo,Olivia Rodrigo,,,,band-merch-shop-by-artist,true,39,ok
band-merch-shop-by-artist-palaye-royale,Palaye Royale,,,,band-merch-shop-by-artist,true,2,ok
band-merch-shop-by-artist-panic!-at-the-disco,Panic! At The Disco,,,,band-merch-shop-by-artist,true,36,ok
band-merch-shop-by-artist-pantera,Pantera,,,,band-merch-shop-by-artist,true,16,ok
band-merch-shop-by-artist-paramore,Paramore,,,,band-merch-shop-by-artist,true,13,ok
band-merch-shop-by-artist-phoebe-bridgers,Phoebe Bridgers,,,,band-merch-shop-by-artist,true,2,ok
band-merch-shop-by-artist-pierce-the-veil,Pierce The Veil,,,,band-merch-shop-by-artist,true,57,ok
band-merch-shop-by-artist-pink-floyd,Pink Floyd,,,,band-merch-shop-by-artist,true,62,ok
band-merch-shop-by-artist-post-malone,Post Malone,,,,band-merch-shop-by-artist,true,6,ok
band-merch-shop-by-artist-prince,Prince,,,,band-merch-shop-by-artist,true,12,ok
band-merch-shop-by-artist-pvris,Pvris,,,,band-merch-shop-by-artist,true,3,ok
band-merch-shop-by-artist-queen,Queen,,,,band-merch-shop-by-artist,true,8,ok
band-merch-shop-by-artist-ramones,Ramones,,,,band-merch-shop-by-artist,true,8,ok
band-merch-shop-by-artist-red-hot-chili-peppers,Red Hot Chili Peppers,,,,band-merch-shop-by-artist,true,10,ok
band-merch-shop-by-artist-rob-zombie,Rob Zombie,,,,band-merch-shop-by-artist,true,35,ok
band-merch-shop-by-artist-rolling-stones,The Rolling Stones,,,,band-merch-shop-by-artist,true,33,ok
band-merch-shop-by-artist-sabrina-carpenter,Sabrina Carpenter,,,,band-merch-shop-by-artist,true,7,ok
band-merch-shop-by-artist-selena,Selena,,,,band-merch-shop-by-artist,true,5,ok
band-merch-shop-by-artist-slayer,Slayer,,,,band-merch-shop-by-artist,true,80,ok
band-merch-shop-by-artist-sleep-token,Sleep Token,,,,band-merch-shop-by-artist,true,200,ok
band-merch-shop-by-artist-sleeping-with-sirens,Sleeping With Sirens,,,,band-merch-shop-by-artist,true,17,ok
band-merch-shop-by-artist-slipknot,Slipknot,,,,band-merch-shop-by-artist,true,29,ok
band-merch-shop-by-artist-smashing-pumpkins,Smashing Pumpkins,,,,band-merch-shop-by-artist,true,21,ok
band-merch-shop-by-artist-snoop-dogg,Snoop Dogg,,,,band-merch-shop-by-artist,true,2,ok
band-merch-shop-by-artist-steve-vai,Steve Vai,,,,band-merch-shop-by-artist,true,0,too few products (0): plain
band-merch-shop-by-artist-sublime,Sublime,,,,band-merch-shop-by-artist,true,16,ok
band-merch-shop-by-artist-system-of-a-down,System Of A Down,,,,band-merch-shop-by-artist,true,10,ok
band-merch-shop-by-artist-taylor-swift,Taylor Swift,,,,band-merch-shop-by-artist,true,4,ok
band-merch-shop-by-artist-the-cure,The Cure,,,,band-merch-shop-by-artist,true,14,ok
band-merch-shop-by-artist-the-weeknd,The Weeknd,,,,band-merch-shop-by-artist,true,10,ok
band-merch-shop-by-artist-tool,Tool,,,,band-merch-shop-by-artist,true,12,ok
band-merch-shop-by-artist-tupac-shakur-2pac,Tupac Shakur 2PAC,,,,band-merch-shop-by-artist,true,17,ok
band-merch-shop-by-artist-twenty-one-pilots,Twenty One Pilots,,,,band-merch-shop-by-artist,true,45,ok
band-merch-shop-by-artist-type-o-negative,Type O Negative,,,,band-merch-shop-by-artist,true,13,ok
band-merch-shop-by-artist-with-confidence,With Confidence,,,,band-merch-shop-by-artist,true,5,ok
band-merch-shop-by-artist-wu-tang-clan,Wu-Tang Clan,,,,band-merch-shop-by-artist,true,287,ok
band-merch-shop-by-artist-xxxtentacion,XXXTentacion,,,,band-merch-shop-by-artist,true,4,ok
band-merch-shop-by-artist-yungblud,Yungblud,,,,band-merch-shop-by-artist,true,4,ok
band-merch-shop-by-artist,Shop By Artist,,,,band-merch,false,,
band-merch-shop-by-genre > band-merch-shop-by-genre,View All,,,,band-merch-shop-by-genre,true,0,too few products (0): plain
band-merch-shop-by-genre-alternative-rock,Alternative Rock,,,,band-merch-shop-by-genre,true,750,ok
band-merch-shop-by-genre-classic-rock,Classic Rock,,,,band-merch-shop-by-genre,true,654,ok
band-merch-shop-by-genre-country,Country,,,,band-merch-shop-by-genre,true,181,ok
band-merch-shop-by-genre-garage,Garage,,,,band-merch-shop-by-genre,true,115,ok
band-merch-shop-by-genre-hip-hop > band-merch-shop-by-genre-hip-hop,View All,,,,band-merch-shop-by-genre-hip-hop,true,0,too few products (0): plain
band-merch-shop-by-genre-hip-hop-new-arrivals,New Arrivals,,,,band-merch-shop-by-genre-hip-hop,true,27,ok
band-merch-shop-by-genre-hip-hop-top-rated,Top Rated,,,,band-merch-shop-by-genre-hip-hop,true,,status 500: plain
band-merch-shop-by-genre-hip-hop-50th-anniversary-of-hip-hop,50th Anniversary Of Hip-Hop,,,,band-merch-shop-by-genre-hip-hop,true,0,too few products (0): plain
band-merch-shop-by-genre-hip-hop-70s-90s-hip-hop,70's - 90's Hip-Hop,,,,band-merch-shop-by-genre-hip-hop,true,383,ok
band-merch-shop-by-genre-hip-hop-2000s-2020s-hip-hop,2000's - 2020's Hip-Hop,,,,band-merch-shop-by-genre-hip-hop,true,62,ok
band-merch-shop-by-genre-hip-hop-women-of-hip-hop,Women Of Hip-Hop,,,,band-merch-shop-by-genre-hip-hop,true,9,ok
band-merch-shop-by-genre-hip-hop-hip-hop-vinyl,Hip-Hop Vinyl,,,,band-merch-shop-by-genre-hip-hop,true,70,ok
band-merch-shop-by-genre-hip-hop,Hip-Hop,,,,band-merch-shop-by-genre,false,,
band-merch-shop-by-genre-k-pop,K-Pop,,,,band-merch-shop-by-genre,true,158,ok
band-merch-shop-by-genre-metal,Metal,,,,band-merch-shop-by-genre,true,1574,ok
band-merch-shop-by-genre-pop,Pop,,,,band-merch-shop-by-genre,true,467,ok
band-merch-shop-by-genre-pop-punk,Pop Punk,,,,band-merch-shop-by-genre,true,324,ok
band-merch-shop-by-genre-punk,Punk,,,,band-merch-shop-by-genre,true,258,ok
band-merch-shop-by-genre-screamo,Screamo,,,,band-merch-shop-by-genre,true,358,ok
band-merch-shop-by-genre-soundtracks,Soundtracks,,,,band-merch-shop-by-genre,true,40,ok
band-merch-shop-by-genre,Shop By Genre,,,,band-merch,false,,
band-merch-vinyl,Vinyl,,,,band-merch,true,705,ok
band-merch-accessories > band-merch-accessories,View All,,,,band-merch-accessories,true,0,too few products (0): plain
band-merch-accessories-backpacks-and-bags,Backpacks And Bags,,,,band-merch-accessories,true,250,ok
band-merch-accessories-jewelry-and-body-jewelry,Jewelry And Body Jewelry,,,,band-merch-accessories,true,98,ok
band-merch-accessories,Accessories,,,,band-merch,false,,
band-merch-apparel > band-merch-apparel,View All,,,,band-merch-apparel,true,0,too few products (0): plain
band-merch-apparel-hoodies-sweatshirts,Hoodies and Sweatshirts,,,,band-merch-apparel,true,355,ok
band-merch-apparel-long-sleeves,Long Sleeves,,,,band-merch-apparel,true,11,ok
band-merch-apparel-loungewear,Loungewear,,,,band-merch-apparel,true,18,ok
band-merch-apparel-pajamas,Pajamas,,,,band-merch-apparel,true,50,ok
band-merch-apparel-tanks,Tanks,,,,band-merch-apparel,true,102,ok
band-merch-apparel-tees,Tees,,,,band-merch-apparel,true,3229,ok
band-merch-apparel,Apparel,,,,band-merch,false,,
band-merch,Band Merch,,,,,false,,
toys-collectibles > toys-collectibles,View All,,,,toys-collectibles,true,0,too few products (0): plain
toys-collectibles-new-arrivals,New Arrivals,,,,toys-collectibles,true,862,ok
toys-collectibles-new-online-exclusives,New! Online Exclusives,,,,toys-collectibles,true,73,ok
trends-convention-exclusives,HT Exclusives,,,,toys-collectibles,true,84,ok
accessories-collectibles-action-figures,Action Figures,,,,toys-collectibles,true,22,ok
pop-culture-collectibles-blind-bags,Blind Bags,,,,toys-collectibles,true,656,ok
pop-culture-collectibles-figures-toys,Figures,,,,toys-collectibles,true,984,ok
funko > funko,View All,,,,funko,true,0,too few products (0): plain
funko-new-arrivals,New Arrivals,,,,funko,true,470,ok
funko-exclusives,HT Exclusives,,,,funko,true,65,ok
funko-best-sellers,Best Sellers,,,,funko,true,6,ok
funko-blind-boxes,Blind Boxes,,,,funko,true,8,ok
funko-diamond-pop,Diamond POP!,,,,funko,true,,status 500: plain
funko-gold,Gold,,,,funko,true,,status 500: plain
funko-plush,Plush Toys,,,,funko,true,3,ok
funko-pocket-pop,Pocket POP!,,,,funko,true,5,ok
funko-pop-rocks,Pop! Rocks,,,,funko,true,35,ok
funko-pop,POP! Vinyl,,,,funko,true,844,ok
funko-soda,Soda,,,,funko,true,2,ok
funko-last-chance,Last Chance,,,,funko,true,26,ok
funko,Funko,,,,toys-collectibles,false,,
accessories-home-games > accessories-home-games,View All,,,,accessories-home-games,true,0,too few products (0): plain
accessories-home-games-board-games,Board Games,,,,accessories-home-games,true,26,ok
accessories-home-games-card-games,Card Games,,,,accessories-home-games,true,170,ok
home-dice,Dice,,,,accessories-home-games,true,16,ok
home-puzzles,Puzzles,,,,accessories-home-games,true,147,ok
toys-collectibles-games-trading-cards,Trading Cards,,,,accessories-home-games,true,66,ok
toys-collectibles-games-video-games,Video Games,,,,accessories-home-games,true,96,ok
accessories-home-games,Games,,,,toys-collectibles,false,,
pop-culture-collectibles-plush,Plush,,,,toys-collectibles,true,724,ok
accessories-collectibles-q-posket,Q Posket,,,,toys-collectibles,true,11,ok
accessories-collectibles-squishmallow,Squishmallows,,,,toys-collectibles,true,22,ok
pop-culture-collectibles-statues,Statues,,,,toys-collectibles,true,49,ok
toys-collectibles,Toys & Collectibles,,,,,false,,
